metric,sh_r,sh_sd,sh_n,yoy_23_24_r,yoy_23_24_n,yoy_24_25_r,yoy_24_25_n
disruption_tax,0.8598642761849011,0.008153619035497384,908,0.5622922194416339,418,0.6177905085165771,497
distortion_tax,0.5970749750751888,0.028323514563164665,908,0.3546156623269814,418,0.4743408830277968,497
selection_tax,0.8577086402709866,0.008130039311391692,908,0.5668751115478923,418,0.6026482634969872,497
distortion_share,0.2696130334888885,0.024773510649192164,908,0.215239607488108,418,0.24238728598708173,497
