metric,sh_r,yoy_23_24_r,yoy_24_25_r
disruption_tax,0.8422419053338177,0.6092858193796062,0.607755857015853
distortion_tax,0.8927392175236403,0.6592196294417516,0.6583026465452597
selection_tax,0.7149417768310973,0.39173079670888333,0.4876166628009211
