metric,sh_r,yoy_23_24_r,yoy_24_25_r
disruption_tax,0.8704501751343368,0.593783746015467,0.6516517265395741
distortion_tax,0.9505274052694063,0.8501146242509262,0.8718974470528302
selection_tax,0.8610906547947934,0.5674106714963757,0.6133011911782559
