batter_id,n_swings,mean_disruption_tax,mean_spatial_distortion_tax,mean_distortion_tax,mean_selection_tax,mean_distortion_share,mean_adjusted_disruption_tax,mean_miss_distortion_tax,mean_decision_cost
695257,115,-0.004965935624017269,-0.0183522575429326,-0.01830288165923224,0.013336946035214974,0.2758623192005219,-0.011554185215002028,0.0012357013183501597,-0.09479920504617823
671655,80,-0.023432698439339567,-0.017530549081211252,-0.017524782181990516,-0.0059079162573490536,0.4337361803681472,-0.03221570082445616,-0.0005701681007799674,-0.10004505328956048
683090,113,-0.027441435783197927,-0.01734500853064703,-0.017308960416679463,-0.010132475366518465,0.4229841565879484,-0.03496070650415643,0.0018186791210758725,-0.10255314474064624
686531,75,0.0015187939078442467,-0.017198729171255946,-0.017192660736816457,0.018711454644660702,0.39403753625306015,8.971838596822721e-05,-8.415120228198865e-05,-0.11763098699003327
676679,120,-0.0168128238977734,-0.01629829268873687,-0.01628635147933739,-0.0005264724184360087,0.5013386259811754,-0.02046737790724494,0.0007463768309896184,-0.09206116335591946
676812,55,-0.02659972952348044,-0.01624016506395124,-0.01624024624550384,-0.010359483277976603,0.4158805258777339,-0.03376921209646581,-0.002492965563198409,-0.08816200438826291
656308,86,-0.025015778989675396,-0.016059902197082625,-0.01606545440434912,-0.008950324585326274,0.4751927290154857,-0.030603553513152415,-0.0002684700213790883,-0.10153307897567045
656448,173,-0.017463086349405042,-0.016053429970344806,-0.01605676909783625,-0.0014063172515687897,0.41580849188253693,-0.019967893171870872,-0.000450772915832465,-0.11058690310219861
691011,109,-0.016680845973857446,-0.016023438072305062,-0.0159605701869499,-0.0007202757869075484,0.3534412278073696,-0.026040512288172855,0.0030606369090103894,-0.09408284103978738
656024,79,-0.011691274140535269,-0.01585944632125191,-0.0158712888162919,0.004180014675756631,0.3346354538401552,-0.019251868755992628,-0.00012384276046822172,-0.0799196170064425
664057,51,-0.029892344384441428,-0.015727473028169833,-0.015775536364558244,-0.014116808019883182,0.4041596728226443,-0.03170344697846361,0.0007100062987207899,-0.10884606680363057
595879,1605,-0.013851895259707895,-0.015355383087499222,-0.01534813483157661,0.0014962395718687157,0.4400583287653998,-0.02224639084292274,0.00018626537103072832,-0.08235701304570335
666197,89,-0.0008594449288798272,-0.015335213393640641,-0.015325720460678751,0.014466275531798925,0.3348135620131827,-0.0027351730937721806,-0.0010001711572351685,-0.1115556019366223
676946,190,-0.019836875803612226,-0.015289416128185709,-0.015295408287151802,-0.004541467516460423,0.38075952351256187,-0.022503167947090272,-0.0017002327645855714,-0.0955936806878504
693049,367,-0.021893994384841613,-0.015248783568694368,-0.015272568187929172,-0.00662142619691244,0.43397379984388995,-0.02884950804590082,-0.0006510930484011066,-0.09448829466819116
595751,114,-0.04206435675944483,-0.015012238378948552,-0.015036674903681171,-0.02702768185576366,0.3413083650794164,-0.04693236349202516,-0.00032952762448782823,-0.08953715648135954
675656,71,-0.007080523650619015,-0.014652891135651084,-0.01464742845266164,0.007566904802042625,0.43480869207866946,-0.014677531077178644,0.0013156640516773122,-0.08654604418552285
683748,70,-0.018625242504325734,-0.014387134003418392,-0.014402977281922793,-0.00422226522240294,0.5439265511827694,-0.02466364906576033,-0.0007521787988312483,-0.09978367349957627
677595,547,-0.015446182326834396,-0.014397281194772819,-0.014388554829494547,-0.0010576274973398473,0.45628435378910065,-0.0215633912277642,-0.00036543983798747434,-0.08038884539424605
606992,400,-0.015001068057769674,-0.01426790039154791,-0.014271190865736146,-0.0007298771920335276,0.47661370240178313,-0.020751137139920467,0.0003394745729158279,-0.10221797628329268
666164,71,-0.019292133877371935,-0.014233055188150778,-0.014240512548298282,-0.005051621329073654,0.4688367305445999,-0.030041430005082508,-0.00025185105777007625,-0.08048472360796875
666801,60,-0.022643143469428972,-0.014146653705698474,-0.01417388031391938,-0.008469263155509592,0.33141482878907497,-0.0327879161793793,0.0027303511649985164,-0.09154619548549478
687799,216,-0.018397797077283187,-0.014129342645208588,-0.014145708821379709,-0.004252088255903478,0.3622907697018634,-0.022872702605180862,-0.0011544027975451104,-0.11010379389233806
605119,63,-0.021512531709859808,-0.014068964822917846,-0.014069298327045421,-0.007443233382814387,0.40397439669462265,-0.027072126729370396,-0.002171353321800115,-0.10415841220592173
664954,97,-0.01297433013130634,-0.013933562209153275,-0.014033229678766941,0.0010588995474606008,0.4036773497717561,-0.01690399757526272,0.0006869523732067563,-0.10333316883245496
682848,425,-0.014712550433441945,-0.013963393980402541,-0.013982172481328116,-0.0007303779521138316,0.37989609819474857,-0.023423905862617528,-0.00022438493231623384,-0.10818259231495324
663584,128,-0.01794405295291589,-0.01392190307373447,-0.013911054857489863,-0.0040329980954260285,0.4430040925929115,-0.02119811028152934,0.0011460032960309246,-0.09719508628542554
623205,81,-0.010005018506101833,-0.013827092828696187,-0.01383474750153873,0.0038297289954368967,0.39195155745368687,-0.01266888513389259,-0.0004093469393678083,-0.11706636578478641
691185,87,-0.0043700680698019094,-0.013757150151198686,-0.013748285845582494,0.009378217775780583,0.2879713488539182,-0.013326836418650121,-0.0011950152458149617,-0.0965322283281839
701398,104,-0.008822192944725995,-0.013765613548696891,-0.01373169194346921,0.004909498998743217,0.4263177056697395,-0.014263263286709614,-0.001053884634867398,-0.105320785560641
663845,201,-0.03842290967599951,-0.013638813292352059,-0.01366630261982558,-0.02475660705617393,0.32111009459049483,-0.042696184459678904,-0.0018296790710432519,-0.1073028586366375
671286,199,-0.022725323035208893,-0.01341520163777593,-0.013495514051306317,-0.009229808983902575,0.4453214589840057,-0.029001563476567828,-0.0007757714914896534,-0.09540295289411697
666198,170,-0.024629201173693528,-0.013430906058386682,-0.01345681299584509,-0.011172388177848437,0.40363893698383496,-0.028154022724569388,-0.0002678641407013854,-0.10371876785569714
688760,126,-0.0297286472088414,-0.013373813301270823,-0.013362625609333477,-0.01636602159950792,0.4261811536161996,-0.03413002952395263,0.00031301252441329273,-0.09875051001101108
669087,162,-0.006550042078845903,-0.01329999329066059,-0.013315007518186447,0.006764965439340545,0.3995867304392497,-0.00922259913277728,-0.00032908083156406846,-0.1080228040222108
547989,621,-0.02602553372372616,-0.013274588876148009,-0.01327647365997701,-0.012749060063749148,0.3987473062453944,-0.032830626979599944,-0.0007223060540440279,-0.09079607978397589
624503,545,-0.011584429810399532,-0.013244103406518899,-0.013255204569403708,0.001670774759004174,0.39580464063089416,-0.017378176896514556,-0.0009362009186645223,-0.0948907728909127
680769,52,-0.027866329478576566,-0.01323307052885113,-0.013252300297481133,-0.014614029181095433,0.3859455511447986,-0.0368071296092823,0.0017532134558655061,-0.08422368998206818
624641,1280,-0.021282835079817927,-0.013162953978017106,-0.013196307232743431,-0.008086527847074495,0.42805058112016897,-0.02849824879409906,0.0003138457137317933,-0.08852737607181976
542208,81,-0.014396228697720132,-0.013210219740656866,-0.01319521056691677,-0.0012010181308033626,0.32815929517766146,-0.015938418091411194,-0.0002992624434697519,-0.11552563935041314
686482,67,-0.0028689670356162405,-0.013180273592886559,-0.01318245728204273,0.01031349024642649,0.30078477083561345,-0.00581244832984426,-0.0005803559313275031,-0.1131314133925378
686527,1109,-0.013059539497644695,-0.013156079951288722,-0.01316533958079683,0.00010580008315213468,0.42783230874689854,-0.0204323548785611,-0.0009947377070669695,-0.09324509388644715
543510,854,-0.02231021613005008,-0.013147155250971187,-0.013159054877304458,-0.009151161252745621,0.4055824590540531,-0.02808210576048323,0.0006669855727950374,-0.09570903423083674
695506,417,-0.018813581615566365,-0.013119253977166092,-0.013135171738359527,-0.005678409877206837,0.4225481200282486,-0.02773622790057805,-0.00018962161454530953,-0.08021898879729673
543228,549,-0.021409497847680637,-0.013119510917477853,-0.013130416539272357,-0.008279081308408279,0.40510584129902105,-0.027385325148460284,0.00037609271943855215,-0.09778954763599987
671739,2470,-0.01724412385533292,-0.013135989104773767,-0.013129026208766341,-0.00411509764656658,0.426844082553885,-0.02316717424092453,0.0001561295047943634,-0.09040607228782621
669200,121,-0.011252768080231318,-0.013076825417596609,-0.013093581913479443,0.0018408138332481232,0.4251517330881479,-0.019181463915578467,0.001188282056624761,-0.08593699618367302
666211,252,-0.007796246745204879,-0.013088012160840757,-0.013077311771520701,0.005281065026315822,0.34544353692092655,-0.010648598260724127,-0.0008548712647456947,-0.10366695310356437
628451,1106,-0.016587382833983363,-0.013056203565771756,-0.013056695900459776,-0.003530686933523588,0.40971360891530484,-0.022184525088115456,-0.00069925550703835,-0.1052847311636443
500871,276,-0.018012864027163827,-0.012999051818222812,-0.013037620212079054,-0.00497524381508477,0.41223681222713104,-0.024928101680351224,-0.00016898094124476426,-0.09114057440432898
673237,2539,-0.008304785498769762,-0.013044358368197232,-0.013032601452655546,0.004727815953885786,0.435150904523627,-0.017521866880836564,-0.0005086976197242307,-0.08756113926921417
667452,477,-0.021608102994887177,-0.012971738839785077,-0.012997767044163498,-0.008610335950723677,0.3983138053084922,-0.026491741420486815,-0.0008420066010624479,-0.10580819187105152
678877,710,-0.019321545819123223,-0.01295584545779148,-0.01297319991814104,-0.006348345900982181,0.4265891722997275,-0.026315755074730034,0.0012538446835757458,-0.08192618178135047
666703,150,-0.021984874410484252,-0.012931784188294666,-0.012944489189967026,-0.009040385220517226,0.3484996668500107,-0.031614542271524645,-0.0010679202201644708,-0.09710103513080232
595453,115,-0.0075597789122427445,-0.012923740095071872,-0.012918934250984525,0.005359155338741779,0.3779285030608959,-0.014967047969946282,-0.00040683885458210145,-0.0975243042252136
592206,2993,-0.017273010308324174,-0.012892896344932401,-0.012908098407231946,-0.004364911901092229,0.42702314190251384,-0.023465404769074084,-0.0004471073554984205,-0.08994718551854028
592348,54,-0.03183706666771185,-0.012862534571028294,-0.012870149986831348,-0.018966916680880495,0.3682707663896473,-0.03695991793018682,-0.0034146481298763074,-0.10212165438403523
694212,230,-0.019468523476921993,-0.012865109839758606,-0.01286703241742576,-0.006601491059496233,0.3893765440777794,-0.02440120916162508,-0.0004852845511667533,-0.09535180509513297
521692,2968,-0.015677511547263403,-0.012846634431044382,-0.012862440903266494,-0.002815070643996909,0.42987578482779726,-0.025106458991735688,-0.00039812757898823373,-0.08106488765944349
623912,788,-0.032379960286093926,-0.012817581243065899,-0.012828828583256836,-0.019551131702837087,0.3227272354036458,-0.039337161158560154,-6.257570136339206e-05,-0.08699413605509977
640492,247,-0.03351857354092506,-0.012817636757365587,-0.012826306910604508,-0.02069226663032055,0.30798419598105736,-0.03735436392017326,-0.0011522148138727558,-0.09256384720448933
408234,297,-0.013697048056980124,-0.01280453503949151,-0.012805955080945093,-0.0008910929760350319,0.3784890945571164,-0.015658230613899385,-0.0008055302052658422,-0.11323175180037227
660620,111,-0.02262915130037918,-0.012800300788560266,-0.012801109301957629,-0.009828041998421551,0.36570893218662515,-0.026206212404242372,-0.0007314835922738169,-0.08606503714664382
663550,291,-0.025286548475677576,-0.012729416051540465,-0.012796130128789222,-0.012490418346888355,0.4003552080852341,-0.03238329131810318,-0.00017454448304859616,-0.08901883702011092
680737,217,0.0027175686494105224,-0.012787929116623785,-0.012782213926192066,0.015499782575602588,0.2960474531429522,0.0011238072729983755,0.0005309050185823202,-0.1131385285834879
669236,338,-0.006486384589158623,-0.01279790746969385,-0.012780317521831668,0.0062939329326730424,0.3368015293683867,-0.012995587351613366,0.0006508762204006952,-0.09603321803540386
691023,1465,-0.01941792734100264,-0.012713542286479796,-0.012721252130678174,-0.006696675210324467,0.4042309693975523,-0.024608912654319578,-0.0005911221140080321,-0.09043190269691447
643265,544,-0.027187724130419734,-0.012698337867361876,-0.012702898993756855,-0.014484825136662882,0.3656562250945329,-0.03223565925853786,0.0009655141448230045,-0.08822625214085648
650968,341,-0.007976322957566756,-0.012696167692309896,-0.012676916052979449,0.004700593095412694,0.37031011441298195,-0.016755267488977026,-0.0005639466383194465,-0.08101040655251432
665161,2506,-0.017209882620401407,-0.01267284156056897,-0.012671024481405632,-0.004538858138995775,0.4240231194352814,-0.023113914327704314,-0.00034420418190253646,-0.09357278127614968
677649,1225,-0.018634927137810862,-0.012639104948383257,-0.012648058115204025,-0.005986869022606836,0.41475326839885784,-0.025047390459577663,-0.0004126416756569856,-0.09199423605685822
687859,222,-0.013195746509260498,-0.01264176145380971,-0.012644965395200353,-0.0005507811140601456,0.4127899532285013,-0.020689095682967448,0.0002529749698084753,-0.0950512964793032
683770,134,-0.01953183657232773,-0.012614586136147049,-0.012607518287955017,-0.0069243182843727125,0.37923233331286577,-0.0255502850535946,-0.001437721705559222,-0.09522967861153359
694208,104,-0.004037656111634786,-0.012581256160747005,-0.012563999603716038,0.008526343492081253,0.3542442890855529,-0.007925862922978016,0.0001890987715098952,-0.10815289841569536
680837,76,-0.002300996438971278,-0.012579391535310985,-0.012562885576852447,0.01026188913788117,0.45479312112325454,-0.004370554197903858,6.885126603586722e-07,-0.09686072888265833
687952,898,-0.011585073709309833,-0.012537827797138018,-0.01254364207378234,0.000958568364472506,0.4001622634206912,-0.019012304414063482,-0.0006508321747506707,-0.0916647618760482
669720,1596,-0.009507915020455568,-0.012536794216074254,-0.0125290669579994,0.003021151937543833,0.42728342281871773,-0.0154536950965157,-0.00037184285508377657,-0.1023226927452678
676480,65,-0.009985813461964612,-0.012541939034153253,-0.01251658821840423,0.0025307747564396175,0.2927352023438074,-0.012213846107943134,0.00018363954110047149,-0.10892208325364663
518626,107,0.005718170667442418,-0.012542385803127241,-0.012490962282668674,0.01820913295011109,0.2570616862856964,0.000534429047600697,-0.0006862966687471787,-0.11922847543575675
700246,190,-0.013986665838905137,-0.012472707756143718,-0.012487162554717048,-0.0014995032841880911,0.41540372991889385,-0.016272030206718333,0.00044197028391506255,-0.09914560969557273
622110,142,-0.03873915847944952,-0.012393268883695217,-0.012486937146730775,-0.026252221332718744,0.2921454871741005,-0.043823092818285794,-0.0007508478603222018,-0.10888793343912642
660757,372,-0.01923420129426114,-0.012485329458109503,-0.012486665358120349,-0.0067475359361407914,0.4241133662890888,-0.025532055590513525,0.000180786489088762,-0.07823836019841032
666906,268,-0.029086478668133374,-0.012438314187805456,-0.012453616527720413,-0.01663286214041296,0.3393639733005189,-0.034962129097228366,0.00029904228520017095,-0.09334181813556053
676044,147,-0.015246892995909415,-0.012435895553628848,-0.012442539488794363,-0.0028043535071150512,0.4894343440718532,-0.025457507078052694,0.0006526074100531835,-0.07679563431018765
671277,2044,-0.015019335168121085,-0.012420991806436589,-0.012439368710894926,-0.0025799664572261597,0.4335561832148609,-0.020906649825939268,-0.0002736284785975964,-0.09772979897011673
650391,940,-0.011212591348577796,-0.012444234170390978,-0.01243864400804409,0.0012260526594662926,0.3702443465357822,-0.018126826687560167,-0.000784346383907313,-0.09672410978347754
665052,318,-0.008164438574186531,-0.01244562789216325,-0.01243688038948899,0.0042724418153024584,0.35349664035426376,-0.013378583699481207,-0.0004992501175947628,-0.10037061644772971
519317,1648,-0.009718593946155806,-0.012409889861126316,-0.012403173025093962,0.0026845790789381545,0.42598512266784266,-0.01800243242601647,-0.00017992504144102053,-0.08802794580552584
664058,89,-0.0077752656584591925,-0.012416517355415845,-0.012388041655255954,0.004612775996796763,0.4150828734142497,-0.01238490119887871,-0.0002464427219657569,-0.0954560293427932
595956,97,-0.019099595255766603,-0.012359195685011589,-0.012379813613144285,-0.0067197816426223175,0.3451149183497916,-0.026447719913096746,-0.0008485714370689595,-0.09362545429598054
680728,393,-0.01746868149930704,-0.012307332474070285,-0.012329400548922596,-0.0051392809503844426,0.35033245538969,-0.022822226936068713,-0.0011178354181710136,-0.10150598537051202
672478,356,-0.00999592894102687,-0.012333696867386527,-0.012322122605857673,0.0023261936648308005,0.401089041643259,-0.016354030634325167,-0.00010179638035917189,-0.09588475221703655
691406,1497,-0.00530362443114754,-0.012301104569923284,-0.012295955194544255,0.0069923307633967145,0.39210273457105277,-0.012710072903511765,-0.0003892222980264593,-0.09332979490553776
682622,1278,-0.02790231406360866,-0.01228086276896084,-0.012294653780163589,-0.015607660283445074,0.3527934573154408,-0.03451255599066911,-7.444158302893809e-05,-0.09469648886189383
700242,797,-0.010437761124250888,-0.012270489382824833,-0.012265270042710073,0.0018275089184591857,0.4123560697773336,-0.014743586770445094,-0.00048668635078774836,-0.1011536366963258
670541,1743,-0.023354051637185128,-0.012257041512768196,-0.012259894425329763,-0.011094157211855363,0.379724630857873,-0.0329287672670902,-0.0003070214989047537,-0.0854259944453217
547180,2795,-0.020648498048026362,-0.012231555047060664,-0.012259847060474999,-0.008388650987551363,0.4207442832502188,-0.02933717820841498,-0.0005899623470918101,-0.09387112989129272
669394,2214,-0.01471997827245298,-0.012254102839184645,-0.012248324706488999,-0.002471653565963983,0.41489997162772846,-0.021198405264252904,-5.07701194257362e-06,-0.09350221509697543
519203,704,-0.02296592722051847,-0.012201994833301262,-0.01220915703199166,-0.010756770188526808,0.37197116879249487,-0.029081441334482497,-0.00029308792176981264,-0.0935875598472939
687515,256,-0.015126848610422811,-0.012224269604902116,-0.012207123995083557,-0.002919724615339254,0.3788027840418332,-0.019063451227091764,-0.00023925931063497363,-0.09747503295883561
594807,955,-0.0035898586277691613,-0.01219260834719884,-0.012185068859820571,0.00859521023205141,0.3787477265210522,-0.010189508408677456,1.9187937425063384e-05,-0.09235891018725974
693307,1013,-0.021041635796800268,-0.012180014148594534,-0.012182973419141598,-0.00885866237765867,0.37518580873982216,-0.027268171460673722,-0.00026644397287504837,-0.09976821964866071
592696,994,-0.005327308798957781,-0.012172543832713883,-0.012164474643751819,0.006837165844794037,0.37976070002171736,-0.015451041535551427,7.411674376419863e-05,-0.08650358681796641
609280,1302,-0.008524422251617647,-0.012166619563002475,-0.012163980484976026,0.003639558233358379,0.3808346071565489,-0.015388945413185903,-0.0002664847806643696,-0.09343481762316445
514888,2546,-0.014089465392170777,-0.012139484701608357,-0.012156270189882745,-0.0019331952022880316,0.4205224464272185,-0.022247053430110436,-0.0001749375985598174,-0.08796294641553087
679032,1084,-0.015513615934414509,-0.012141530727488489,-0.012126823653233575,-0.003386792281180936,0.40939785958568203,-0.021568877196531378,-0.0002827998277363915,-0.09162905705606156
663897,148,-0.0018597184037332675,-0.012096262701693198,-0.012115168710304441,0.010255450306571176,0.37225468643348747,-0.003903702083045707,0.0011977806757452287,-0.11721558861200783
691781,534,-0.02099884960857072,-0.012106218166578578,-0.01211451007527861,-0.008884339533292112,0.4029881025682589,-0.025075511743614654,-0.00020723267774362786,-0.10128043601369864
680716,100,-0.031684470018497925,-0.012077397148309577,-0.01209734905559945,-0.01958712096289848,0.36821452587688663,-0.03810774543107663,-5.8385230879795463e-05,-0.09919028662471246
622761,696,-0.014030382105686806,-0.01206535510766031,-0.012054818862703133,-0.0019755632429836706,0.3843760315217622,-0.019464805721665528,-0.0006848979279958741,-0.09654607318509664
682868,198,-0.008700049026471023,-0.012031382445215622,-0.01205319482252158,0.003353145796050558,0.44534735160457783,-0.014603029169002345,-0.001663573077937432,-0.09920380447707133
686894,333,-0.0061261979806209186,-0.012053072955253114,-0.01204261234250749,0.005916414361886573,0.3722280016490175,-0.01278854528503352,1.675947481061341e-05,-0.10015755469754356
624431,783,-0.008842203906872369,-0.012042450459323242,-0.012032012426342557,0.0031898085194701875,0.36485465582709414,-0.016044155364467412,0.0004112291043345745,-0.09463114049066831
600869,1305,-0.01168490789804258,-0.012017743899099596,-0.012031985088934573,0.0003470771908919918,0.4125662475239113,-0.019300793946531357,-0.000557025884437006,-0.09572116278775365
673962,1497,-0.030158554801357044,-0.012015972839145279,-0.012031437663399607,-0.01812711713795744,0.3698730780376646,-0.03649139764087721,-0.0003252697794629985,-0.0908917816782293
668800,527,-0.014017506881734646,-0.012015497512572354,-0.012014108463503056,-0.0020033984182315887,0.4263171484149193,-0.018728202790236247,-0.0005231621854392955,-0.09854626612981822
665839,580,-0.0025723772137927615,-0.01199945704535628,-0.012006611961788271,0.009434234747995509,0.33096955993146054,-0.012795628376310316,-0.0005770374340762004,-0.09452953190847634
683146,1314,-0.02183380377179782,-0.01198615193807574,-0.012002580301018684,-0.009831223470779134,0.3844181172604544,-0.027036973457572486,-0.000570364297677621,-0.10259382144686659
600301,97,-0.005516041299669976,-0.011984890114285543,-0.012000282484146266,0.00648424118447629,0.3308116430986922,-0.006938007185847697,-0.00045493986414412265,-0.11290515711411556
543068,163,-0.021430811015070442,-0.012016209771613185,-0.011987969331103972,-0.00944284168396647,0.4370506068939234,-0.025401034661793467,-0.0002796261541066183,-0.08187278160624518
682641,872,-0.020947915059700038,-0.011972660536158785,-0.011964977196093775,-0.008982937863606261,0.32284799629364175,-0.027441074218409054,-0.00033760098246157636,-0.09500593654614362
701305,320,-0.0303464774052358,-0.011913110208823574,-0.011959172565008617,-0.018387304840227183,0.35068653298499003,-0.03418145578569695,0.0002952123958648941,-0.11321536595860009
665926,2396,-0.02179543206908674,-0.011945017822119005,-0.011957654492251115,-0.009837777576835625,0.37757077165288044,-0.02784416426967956,-0.0003194453725737466,-0.09644688921463136
664874,143,-0.015009332354483108,-0.01194076432428026,-0.011948068105724444,-0.0030612642487586644,0.3377507928265145,-0.02156141730439483,-0.0014465236135324847,-0.10443877415163806
666135,510,-0.015292617903295952,-0.011942424772182242,-0.011944874945439955,-0.0033477429578559962,0.37802791181764717,-0.022165531593592757,0.00013836731844084953,-0.09852274550436606
677594,3033,-0.022114126434310072,-0.011944526007853283,-0.011942324474020145,-0.010171801960289925,0.38588030941195706,-0.029739481015765967,-0.000668541032295352,-0.09126083658197195
690987,350,-0.017991222582426802,-0.011912065987282772,-0.011919607613514724,-0.006071614968912079,0.37485275241898447,-0.024056794034186955,-0.0008719846488998402,-0.10749397992492096
686475,97,-0.017843567947303896,-0.011930158559065205,-0.011918942684321221,-0.005924625262982675,0.3844446287591464,-0.024533772422884997,-3.127158337666574e-05,-0.09529535187161853
678894,537,-0.022762515915150026,-0.011876301180313008,-0.01190122449394297,-0.010861291421207052,0.379424669283357,-0.026967250764908086,0.000185157615106722,-0.10060057333988855
641796,78,-7.822082809865208e-05,-0.01189567974072851,-0.011896684673271254,0.011818463845172602,0.29858669519285214,-0.0026507169010173103,6.350368247409234e-05,-0.1140326658398892
571466,185,-0.01545793226483013,-0.011864738409552362,-0.011865301531367362,-0.003592630733462769,0.3844423756374762,-0.019254925610677678,-0.0005231879530665756,-0.10802309311336766
669369,227,-0.02834365682078043,-0.011863181361200898,-0.011863459212758151,-0.016480197608022277,0.33932895538086427,-0.034406704112296224,-0.000534444250422545,-0.10421263699049171
681546,956,-0.017892680557046646,-0.01182133931026567,-0.01185689099088978,-0.006035789566156866,0.3454383697679846,-0.023028024486839518,-0.0008533072518075481,-0.10671180940425366
669137,59,-0.013974617971238617,-0.011853705662571514,-0.011852773091675874,-0.002121844879562743,0.34991691433529204,-0.020464610672772485,0.0029797763014995015,-0.08335720127469666
542194,514,-0.006156995526642477,-0.011846199523605652,-0.011840722376537285,0.0056837268498948065,0.3797337545349165,-0.011926647999672971,-0.0007966159014545012,-0.08971871723850258
519058,396,-0.009309527365607029,-0.011827273342663891,-0.011837265104685721,0.0025277377390786936,0.4039157296323903,-0.012944815219189847,-6.196102948634373e-05,-0.09897853138605527
682928,2716,-0.009181808279845315,-0.011826145850973429,-0.011833485953784575,0.00265167767393926,0.38259004658565676,-0.014827240533291344,-0.00038925468475216763,-0.09805848216427793
642708,1260,-0.011127720182757867,-0.011803496145835205,-0.011792919455853335,0.0006651992730954669,0.3976734931609712,-0.018661247414621857,4.920758632495568e-05,-0.08978499643716445
682653,272,-0.024649789968172475,-0.01177163114068842,-0.011773374661972261,-0.012876415306200213,0.287218223297194,-0.03266255469938006,-0.00029467556061459456,-0.09532491850184431
668974,82,-0.017474770351054977,-0.011737710818107216,-0.011769967550573903,-0.005704802800481072,0.30567055117061,-0.020543609556921843,-0.00023706007244794511,-0.1184934098509086
656577,488,-0.011170969828277862,-0.011765630069544914,-0.011768765840562788,0.0005977960122849254,0.3320793298842666,-0.01917541230807016,-0.0005266855196976304,-0.09143958154726281
665782,52,-0.012778432845802925,-0.011763217286232095,-0.011765221959149023,-0.0010132108866539005,0.5156070139216615,-0.0215578051665723,-0.0010941717848113983,-0.08808788430139118
650859,1888,-0.0197060216461128,-0.011767810017136131,-0.011763897716194176,-0.007942123929918624,0.4104975646120221,-0.027225907459974982,-0.0005985995354173603,-0.09934401022180003
596847,127,-0.010700284971059276,-0.011728659911208986,-0.011736850805477188,0.0010365658344179136,0.2859392266097965,-0.0166795989900121,-0.0020343536847558783,-0.11533030956439012
687637,203,-0.03596588444590039,-0.011722962334038887,-0.011716512457749493,-0.024249371988150897,0.2864525074192946,-0.042076944226953746,-0.0009527998703213227,-0.10440341341203738
643289,1829,-0.026147157520794412,-0.011701611822571968,-0.01170966910725543,-0.014437488413538983,0.3442770015610635,-0.03172091614149812,-9.83005112998172e-05,-0.09686823845992426
663630,107,-0.013323943149341972,-0.011736405074594865,-0.011706224935316244,-0.0016177182140257264,0.2838140165675318,-0.016310495159725498,-0.0007688612805812155,-0.10360982225643352
676801,1144,-0.019912850504860267,-0.01169309048955686,-0.011696273240583739,-0.008216577264276525,0.33241592746704157,-0.024616795982494482,0.00010973863265241678,-0.10244213721392968
656896,945,-0.02248863407576101,-0.011668004873126225,-0.01167094689390419,-0.010817687181856819,0.3654378492789256,-0.028913009605817067,-0.0007395673416775221,-0.09959259166471866
805373,367,-0.014493552016096346,-0.011644780537926658,-0.011658286468819739,-0.002835265547276608,0.40572463394825586,-0.01965661762786664,0.0002867669154555018,-0.10260797534092941
677587,1524,-0.009897615733469598,-0.011621447970238693,-0.01163280779804168,0.0017351920645720836,0.3879324992672596,-0.016468484323097145,0.0002205030249273621,-0.09789931910962692
669477,1016,-0.029364573824672127,-0.011605166878354292,-0.011620237280164657,-0.01774433654450747,0.3339624406236115,-0.03407705357361512,-0.00016211275143327057,-0.10261550621460039
665019,917,0.0007014484754758626,-0.011617841521721663,-0.011616048952726771,0.012317497428202633,0.34051206828617425,-0.004645737357897195,-6.908641434411767e-05,-0.1007225691944433
622569,285,-0.008684525342079136,-0.011612246014837038,-0.011613323224567308,0.002928797882488171,0.37988061832752956,-0.012415487842345635,0.00018289970336789232,-0.11554443125748497
665155,224,-0.015579313768831957,-0.011555729110714761,-0.011602375019852286,-0.003976938748979671,0.31477305905526826,-0.02225970623483457,-0.00034260462663364183,-0.11029263892030125
644374,92,-0.015125099032241856,-0.011595210311790971,-0.011595610469872824,-0.003529488562369032,0.4535328671234265,-0.02111681199896262,0.00023133570319582077,-0.10315900724554694
666182,1994,-0.028324400772918434,-0.011569045870773512,-0.011595092710783399,-0.01672930806213503,0.3793700192093797,-0.033820387631377534,7.047572955480869e-05,-0.09382422950303188
673357,2029,-0.02593282200788656,-0.011581515036077126,-0.01159272854754532,-0.014340093460341239,0.3420765433451526,-0.030427458351998633,-0.0006462464538642822,-0.0930984830050473
660821,2183,-0.012978474981471259,-0.011601838912520455,-0.011589186103656772,-0.0013892888778144863,0.43242151461607353,-0.020920897447717645,-0.00044970495124033275,-0.08880472769566244
676694,1451,-0.012963350892792868,-0.011560130456711426,-0.011560748463254325,-0.0014026024295385427,0.36800511801305213,-0.017694335089227017,-0.00016583008059375167,-0.10571942940327168
663905,114,-0.008401040615188975,-0.011531474182467635,-0.011542549878868333,0.0031415092636793594,0.418280651244757,-0.01644965458424507,-0.001429130078355418,-0.08828638405607363
666464,325,-0.03101078871777668,-0.011537042320663337,-0.011541836488640461,-0.019468952229136218,0.31420466583399936,-0.03410845943473546,-2.7121968267287194e-05,-0.09068382882513244
664913,1240,-0.013579554934365218,-0.011519153853284775,-0.011538883981922448,-0.00204067095244277,0.36870330398622975,-0.020731167220352478,-0.0003229449627803883,-0.09651746762930354
689200,143,-0.010291114092689761,-0.01154060682894639,-0.01153762312665351,0.0012465090339637474,0.3291366616255118,-0.021004461004847055,0.0003632363130526819,-0.09872057457828334
669127,2257,-0.01671617364644248,-0.011530993336423115,-0.011537046818024047,-0.005179126828418435,0.3826305752263181,-0.024859662136132124,-0.000488552843753544,-0.09709364411873043
645277,2541,-0.006451578953233406,-0.01153176495876236,-0.011536047233004389,0.005084468279770983,0.2950629989289099,-0.014345868150895611,-0.0006033447188131479,-0.09870325555413707
605612,160,-0.01962447572069142,-0.011534248136995173,-0.01153339454540368,-0.00809108117528774,0.3484403467828892,-0.02857285620599554,-0.00011475040186888093,-0.08293733152297081
650907,267,-0.010740067239397666,-0.011545750516349717,-0.011532828051764758,0.000792760812367092,0.4013756429087183,-0.013678356586163195,-0.00066579201220115,-0.11992019624713353
690976,151,-0.012518570608176483,-0.011516335149211318,-0.011531244196582755,-0.0009873264115937267,0.40606547407025145,-0.017213522937057257,-0.0009629004429683407,-0.10460071939021295
676724,108,-0.004544176384684942,-0.011536285597003917,-0.011526356849929418,0.006982180465244475,0.379681680965284,-0.007789276817176999,0.001608228738544775,-0.11165980207915889
669392,80,-0.024652718559388016,-0.011525880864092635,-0.011521298743569571,-0.013131419815818442,0.3664204627620799,-0.027631451854948093,0.0018962293449111222,-0.09822884189538716
660707,792,-0.023712353436583934,-0.011496891696777305,-0.011499603649869421,-0.012212749786714513,0.38686586726413213,-0.03141758012225328,0.0004763228527768029,-0.08556035410739976
691718,2125,-0.010705051583964615,-0.011475013411349867,-0.011481087245134023,0.0007760356611694093,0.3823672290481476,-0.01904918457733815,-0.0007695100015014096,-0.09173806381365779
594777,306,-0.011158692555975404,-0.011485636684006484,-0.011479680797480749,0.00032098824150534526,0.26525589390870136,-0.019090828567082503,-0.00033367436388538483,-0.1048448326673177
664056,1850,-0.011617736176884538,-0.01147626521279232,-0.011474929107528732,-0.000142807069355806,0.3295313781835842,-0.01998930147754692,0.00010408945288335189,-0.09405862870283782
607208,2657,-0.007354624643727213,-0.011476803834121292,-0.011470421571996492,0.004115796928269279,0.38099609406301627,-0.015582279772757833,-0.000708998593192278,-0.09536131130712826
650489,2412,-0.020574908323149114,-0.011455138023050817,-0.011463454434307678,-0.009111453888841438,0.3687952022882637,-0.027092155918257196,-0.0006245844479006925,-0.09487026582243388
642137,83,-0.02773215144963603,-0.011466047863990528,-0.011460712166845622,-0.01627143928279041,0.2936616395792517,-0.034069179675268915,-0.00042942484973263373,-0.08791581685545813
456781,1190,-0.015437385025454472,-0.011448597356904575,-0.011460325063614015,-0.003977059961840458,0.3996275155124569,-0.02033589159127054,-6.792566286136473e-05,-0.10180796427403642
543305,272,-0.01237597678863755,-0.011461680208934894,-0.011448754065938408,-0.000927222722699142,0.40533968065377796,-0.020382010976891227,-0.0003687055333668485,-0.09332820010982656
642215,407,-0.005216191816499367,-0.011437479636502481,-0.011437405991521193,0.006221214175021825,0.34974089907446504,-0.009020266438459568,-0.0010454524690192638,-0.10490519789484774
678662,2858,-0.02167756414648439,-0.01140639744350787,-0.011428915287899601,-0.010248648858584791,0.4163951779343277,-0.028727283898044326,-0.00042191798306634025,-0.09010800736265877
669374,89,-0.015203127520103017,-0.011441613626082692,-0.01142677757791937,-0.0037763499421836484,0.3779195175395278,-0.01843027781649549,0.00019768580609819084,-0.09602099922521048
641313,1042,-0.03313302847689597,-0.01141386827170605,-0.011422290322023208,-0.02171073815487276,0.31452653477796344,-0.039989148312486233,-0.0004289034173337975,-0.09682544845317548
663586,2231,-0.014501835005766293,-0.011405390122382475,-0.011418971949459497,-0.003082863056306795,0.3754065704458394,-0.02030607289939438,-0.0006045206918611945,-0.10316368228101037
672016,278,-0.02003192753569539,-0.011406088327353629,-0.011413572758307212,-0.008618354777388178,0.39342825011898497,-0.028887639817377655,-0.001111569305695571,-0.09432360868342689
677592,311,-0.0029507547351783608,-0.011405766703971337,-0.011408041628781824,0.008457286893603463,0.35271017468184196,-0.006854008928630443,-0.0016919037068221915,-0.11028265259638667
694728,84,0.003879026964131093,-0.011397843457696625,-0.011397291456397635,0.015276318420528729,0.2390993244683411,-0.002482543285165321,-0.0019466728820749987,-0.08924271036630088
682663,1006,-0.013385195138332391,-0.011377654808359982,-0.01137948477758908,-0.00200571036074331,0.39832767028990684,-0.02133101418178734,-0.0005960494472874337,-0.09895432416358335
678882,2509,-0.013751055264882408,-0.011377727505829714,-0.011378414258518625,-0.002372641006363784,0.4216449270108715,-0.020267516165799776,-0.00023506345853780151,-0.09073911737217312
518792,897,-0.01827237465910263,-0.011374600782932856,-0.011361974044129674,-0.006910400614972956,0.30225537637815664,-0.024514299526314905,-0.0003600384962094364,-0.09878244994636
665833,1807,-0.02654629778722719,-0.011362607599222653,-0.0113611030869682,-0.015185194700258992,0.31420228344393114,-0.03405887891235435,-0.0005429451504589897,-0.08667840794641737
666624,2031,-0.002567270556184842,-0.011364439983773398,-0.011352087881300812,0.008784817325115973,0.39805228753016925,-0.008068639684238044,-0.000950560461595618,-0.10198248540525824
660271,2825,-0.02072740469405926,-0.011342905164730854,-0.011351945683969902,-0.009375459010089357,0.3770934909540006,-0.026946565154518574,-0.0009505317970654118,-0.09636237977205865
677950,1308,-0.010364293732643994,-0.011347581198019884,-0.011347470584139725,0.0009831768514957301,0.41244522406064804,-0.01638024983589683,-0.0006345319027601364,-0.09751127931913756
623993,2275,-0.009356269749515207,-0.011354680083503819,-0.011345124749380767,0.001988854999865561,0.33993728540074525,-0.019729379276344317,-0.0002751045252010709,-0.08513503485151654
664728,1528,-0.013888730084870269,-0.011341689147821096,-0.011338996976961587,-0.002549733107908683,0.38414722280491737,-0.02060985737412457,-0.0006213517087034525,-0.09898610509168007
672356,1676,-0.01191730136850669,-0.011334740275768446,-0.011338554378751533,-0.0005787469897551565,0.42330499183308024,-0.017543754780214443,-0.0005544678002335255,-0.09583678280617135
641856,202,-0.02666893844986774,-0.011322673812023044,-0.011337157955257453,-0.01533178049461029,0.3951795680651734,-0.031853951805664193,0.0009603927654050982,-0.11031373047036262
666915,280,-0.01728004778809547,-0.011319411053999057,-0.011335531117915113,-0.005944516670180359,0.389777663821867,-0.023186904765521574,7.535507886562394e-05,-0.0915468294970979
669016,1798,-0.02817160874356503,-0.011312546623282837,-0.011329871937514967,-0.01684173680605006,0.3464927897927118,-0.036439363924629,-0.000271791954451757,-0.09788094368820308
663728,3103,-0.016258741729523737,-0.011322195538755414,-0.011317869992379702,-0.0049408717371440345,0.2511694595836761,-0.024238202979042594,-0.0004947084345833952,-0.08881312026356844
672820,1901,-0.014220780253583929,-0.011312969150992036,-0.011317164270379458,-0.002903615983204474,0.41940599691221264,-0.022576436459579716,-2.3108665221893046e-05,-0.0854408191546267
691723,564,-0.026903139042199604,-0.011297506666076177,-0.011311025707318258,-0.015592113334881346,0.333155330619227,-0.0311836002955522,0.0005326490155506701,-0.09792525537589546
657136,1570,-0.013070136630681545,-0.011304400158234884,-0.011307280577729208,-0.0017628560529523384,0.37736307990228635,-0.019349771314085322,-0.0004246776318785277,-0.09873712576421059
607680,845,-0.013815298391655762,-0.011301071621479346,-0.011302407411127079,-0.0025128909805286832,0.3422763132904551,-0.020469719586506452,8.960374645702553e-05,-0.09573192234996798
642350,1152,-0.013701032380596346,-0.011295894189594318,-0.01129948621135939,-0.0024015461692369574,0.4239997061964202,-0.021364498830507558,-0.00014340467063573992,-0.08736967107484538
621438,1471,-0.02422448509521012,-0.011275192888312711,-0.011299341815843316,-0.012925143279366808,0.33572271988623603,-0.029632567334462248,0.000167541211877161,-0.09604657936988509
668901,1965,-0.005329982366683615,-0.011296481427195255,-0.011298947529508756,0.00596896516282514,0.3669796084474645,-0.010039948234938744,-0.0004562996365772755,-0.09527006622381799
553882,319,-0.020338919337036448,-0.011300065302253314,-0.011296050417716159,-0.009042868919320289,0.37399870058711265,-0.02536121603660664,-0.0013544785646702878,-0.1127730908168296
624413,2787,-0.015027239179320978,-0.011292238116734162,-0.011294989612699612,-0.003732249566621365,0.39644664941621116,-0.02215411518864901,-9.978478849694072e-05,-0.09686186209992384
570482,1233,-0.018118607122694887,-0.011280952709285799,-0.011294612429433195,-0.006823994693261692,0.404144834360626,-0.023390545976397028,-0.000587829451517272,-0.09589304795496204
596115,1692,-0.018966875467011778,-0.011286595509811143,-0.011290973267585528,-0.007675902199426249,0.402030136728926,-0.02546620115247625,-6.315369090618103e-05,-0.09394031605746062
701675,125,-0.02494750309786679,-0.011245936692060038,-0.011289290401916948,-0.013658212695949842,0.3879900982390465,-0.03162762028431934,-0.0012141381723023304,-0.09277317130280943
665561,271,-0.012140198725236556,-0.011291720576726451,-0.011286798276774538,-0.000853400448462019,0.36957138732977796,-0.015121912149975762,-6.830214401395442e-05,-0.11737579358607846
666150,447,-0.016726819450796872,-0.011300495374031622,-0.01128038247952848,-0.005446436971268392,0.445460737829002,-0.023953537763775665,0.00040692858963145014,-0.09248845095759073
516782,1230,-0.016447924031168883,-0.011275974133848444,-0.011272153927570578,-0.005175770103598305,0.4178359722980092,-0.022106534279127933,-0.00024770040536654497,-0.09788944387776705
592669,1223,-0.009784837953385823,-0.011274636242392456,-0.011269530231686486,0.0014846922783006635,0.3857828032104706,-0.016512801229955767,-0.0007340522720125982,-0.09835718868435507
657656,1725,-0.006580203418690984,-0.01125743713416682,-0.01125740926195694,0.0046772058432659564,0.31924032008084324,-0.011403424142361953,-0.0005472124518459126,-0.10673357528891832
608841,1010,-0.01212884490573499,-0.011267181302350347,-0.01125357561947581,-0.0008752692862591803,0.3652043701109873,-0.018098012667445533,-0.0006653928415229617,-0.09344997495150276
605137,2469,-0.022542000201549398,-0.011236564201014,-0.011248910494773166,-0.011293089706776236,0.3414868090808604,-0.028042281829441854,-0.0006801783804179009,-0.09645722534913713
660688,1656,-0.012299595469785887,-0.011232689249405733,-0.011232503380691367,-0.0010670920890945219,0.33567878877199975,-0.020133674650983965,0.00011508852056461535,-0.0913675162806899
647304,2354,-0.017717027048668198,-0.011215529977781141,-0.011223432365607132,-0.006493594683061064,0.34904964136588895,-0.02558631906731519,-0.00046123979103903414,-0.09668239248757715
694388,682,-0.027557765203843856,-0.011203986384414052,-0.01120949514541961,-0.016348270058424246,0.3131610795105374,-0.03353718142296212,-0.0008001523592527631,-0.09800579900151409
663538,2552,-0.024098521714429555,-0.011183450811281536,-0.011208484917540366,-0.012890036796889189,0.36213953371761404,-0.02919352312279434,2.5512330969655042e-05,-0.10230823655000718
677956,188,-0.028423527701584038,-0.011190371234953094,-0.011203461249861688,-0.01722006645172235,0.36706778527051065,-0.034722032312433385,0.0004111744866946233,-0.08383547040957007
683734,2280,-0.02071478255598773,-0.011175363811043622,-0.01120066481826222,-0.009514117737725508,0.36229077890922495,-0.02849560467717858,0.0002378451457418382,-0.09557090315136019
686681,1663,-0.013996529119613263,-0.011184227740907663,-0.011191661558903648,-0.002804867560709614,0.36779795857935893,-0.020642435761759944,-0.00043451117356259165,-0.09377665172622837
807713,760,-0.0028170369771210535,-0.01119770877535035,-0.011187143096560754,0.008370106119439703,0.37233433113952297,-0.0073153499468108915,0.00014353396957363177,-0.10268404864177515
695657,526,-0.019365135919361443,-0.011175345636695939,-0.011187042562893528,-0.008178093356467917,0.3852383307219634,-0.023002897564280297,-0.0006440765838151848,-0.1031851642797032
571657,1167,-0.007260742081899806,-0.011177979063080984,-0.011172119844067638,0.003911377762167833,0.38454972268791227,-0.012001660468656705,0.00013372548574436372,-0.10062346027129883
640902,198,-0.01776927134631239,-0.011178151097441505,-0.011171397305527386,-0.006597874040785005,0.42459457421864333,-0.024099033481569682,-0.000984586517281532,-0.10298480134395735
621512,354,-0.006057709027391596,-0.011172645439869079,-0.011166963419850563,0.005109254392458968,0.37726981176693913,-0.012298506388660611,-0.0004487904079176203,-0.09520917373425512
677008,605,-0.0228031287396601,-0.011132523074342317,-0.011162269801915878,-0.011640858937744218,0.370996634722985,-0.02902445875416447,-0.0003378333383289235,-0.08595160251512227
701762,773,-0.019961130275397185,-0.011151893596242394,-0.011160122930044746,-0.008801007345352439,0.3528955792155315,-0.024643338943030946,-0.0009066773395970139,-0.10292933747050864
647351,1121,-0.015388048150742326,-0.011149291122880364,-0.011154529474878761,-0.004233518675863564,0.41750620524910514,-0.02139372906549439,-0.0010340434954208772,-0.09430456531407462
666969,2715,-0.016672303052807147,-0.011153773243493922,-0.011152001211614544,-0.005520301841192606,0.37945940562352065,-0.025388936178045652,-0.000652043396223363,-0.08790641535668595
668227,2639,-0.010370873406391224,-0.011145751384320916,-0.011142054184045312,0.0007711807776540902,0.357269866270845,-0.017311873655241748,-0.0007612627120573251,-0.09954743973546433
682988,304,-0.015011360978470755,-0.01112241272328303,-0.011133521945267623,-0.0038778390332031318,0.37811951906748514,-0.018338170541887133,-0.0002710244207614172,-0.104025261879502
542364,241,-0.012449662207186804,-0.01110561728525619,-0.011127667489716877,-0.0013219947174699272,0.30264389413922815,-0.016836040474599082,-0.00022895148561478466,-0.1063878498479409
621545,188,-0.017255610269538063,-0.011116791771164555,-0.011122742315043194,-0.006132867954494871,0.359997576557223,-0.02151284064706331,-0.000406223597143877,-0.10917520264011837
685301,84,-0.013699355514797703,-0.011113067854557398,-0.011117035375752189,-0.002582320139045515,0.45042222963385603,-0.019147621202162405,-0.002067677996256974,-0.09066508818344222
666139,2222,-0.026338223521783204,-0.011107928860782887,-0.011117002969147168,-0.015221220552636035,0.35293524958276934,-0.033285000617045396,-0.000378881976654654,-0.08993275284413317
545341,1426,-0.007885665812329334,-0.01110768816570587,-0.011105745374661209,0.003220079562331875,0.33501198701052665,-0.015741816619538444,-0.0001626634510963447,-0.09814281505394229
663609,286,-0.029260440963476877,-0.011088997522174206,-0.011104001572522672,-0.0181564393909542,0.31313455021191605,-0.034569808750278416,-0.000688249545543799,-0.10995915124829138
645305,195,-0.006937135071879027,-0.011094980825337896,-0.011101272888048528,0.004164137816169501,0.4037631653525943,-0.012249030101023583,0.000528083909290832,-0.10069335802040487
666971,2387,-0.01500121824157083,-0.011082272051910386,-0.011089680352589308,-0.003911537888981522,0.3811045990144129,-0.020184617973520575,-0.00016666358843963513,-0.09630117447838787
571448,2200,-0.01661022341797221,-0.011069035077130253,-0.01108234387797164,-0.0055278795400005715,0.3460452049895047,-0.023929892072686046,-0.00027856968517845547,-0.09464820513208608
621043,1918,-0.022122078134517543,-0.011064239009451434,-0.01107543240378108,-0.011046645730736463,0.3535106790391294,-0.02846586715056257,-0.0006336001430082459,-0.09959856948278009
642086,1283,-0.014768862666911981,-0.011063908298965348,-0.011067546240057112,-0.003701316426854868,0.3538249908233762,-0.02104853808392843,-0.0004564581880610141,-0.10212115614961984
595281,746,-0.018668058308935122,-0.01105091710526601,-0.01105949229397605,-0.007608566014959073,0.3824210440660945,-0.02488170780467324,-0.001108435709387737,-0.10405387275237159
607054,256,-0.02494198323025664,-0.011052968630846259,-0.011057913697111697,-0.013884069533144944,0.3599247858378861,-0.0290945257123404,-0.0011128011617110355,-0.10779674113865394
543592,74,-0.02113387860713668,-0.01107314445960338,-0.011056454136150619,-0.010077424470986062,0.3677531089785643,-0.025360401861100695,-0.0003903191186776572,-0.10409559602561314
691594,566,-0.017488820704017877,-0.011059331418322082,-0.011051845665098923,-0.0064369750389189516,0.31917007275811565,-0.021399595862280518,0.0004435143489671075,-0.10305116984482657
663968,818,-0.02406487640542098,-0.011044207805329064,-0.011051264318278976,-0.013013612087142006,0.3650425965619313,-0.02972374612137222,-0.0005791021902345359,-0.09314810559561436
677942,760,-0.01733148278854122,-0.011039123574003124,-0.011045274932031475,-0.0062862078565097445,0.3794811780404219,-0.024566139172603144,-0.0008691200989942497,-0.10544573377320221
666176,2067,-0.01822618436710606,-0.01103729024027465,-0.011042820500354716,-0.007183363866751343,0.33567926285301036,-0.025699480353999167,-0.0006352990588797264,-0.09322361743829748
701538,2031,-0.025167311792840683,-0.011014977789162324,-0.01103603269612788,-0.014131279096712801,0.34630284608636247,-0.030712351906941143,-0.0002451909798349287,-0.09540160107683773
624512,654,-0.014389200530214672,-0.011027849049500524,-0.011034620254478655,-0.0033545802757360154,0.3767899146743623,-0.02052134788423166,-0.0003677423060623385,-0.09158144081824124
681481,1944,-0.0142698475116455,-0.011028269686795218,-0.011030513861786767,-0.003239333649858734,0.3328048504930354,-0.020849723326287175,-0.00024875375664805193,-0.0967808822637171
656537,591,-0.02558391264716278,-0.011018421518416205,-0.011023812082718534,-0.014560100564444244,0.35066244092038523,-0.03261140352644775,3.903882897115835e-05,-0.09499813224565148
666126,162,-0.008891294626736908,-0.011011063651077959,-0.011020847422028525,0.0021295527952916184,0.2544638731251463,-0.015447398850085307,-0.0003738900081394923,-0.11149762539242399
694203,91,-0.01651723917404027,-0.01099074510023975,-0.011017224714973082,-0.005500014459067188,0.37648375734407863,-0.019951387091673184,-0.0016907135943180752,-0.11593526584872565
678554,809,-0.013322244623891961,-0.010998458434625822,-0.01101336738376323,-0.0023088772401287307,0.37996674604883807,-0.019660126490737517,-0.00021388667281233066,-0.09511129604905949
691019,513,-0.021427253883705588,-0.010974405497128083,-0.011003214754176071,-0.010424039129529517,0.36508885504276395,-0.026633176264757846,-0.0009578120366922493,-0.10555245699613978
644433,114,-0.016182489635590727,-0.010985518949413785,-0.010991420629298403,-0.005191069006292325,0.38268420966345323,-0.023604305269075223,0.0006552729979300495,-0.08345912862847729
621466,614,0.0035028090304464942,-0.010991492402170828,-0.010990531779544298,0.014493340809990794,0.24535026997861098,-0.0019859320986702054,-0.0012312242647550575,-0.11115833668416895
592200,187,0.003718123710855255,-0.010992583561817296,-0.010989570070136716,0.014707693780991972,0.2530139383005732,0.0007219428437711511,-7.246038943135074e-05,-0.11818202988560399
695336,647,-0.0243022089759994,-0.010969519293319683,-0.010983414589741176,-0.013318794386258223,0.3795513432607032,-0.031317866452023856,0.00018393368211078387,-0.09200546262569309
645801,352,-0.005152959135236366,-0.010984571725756396,-0.010978913273397324,0.00582595413816096,0.26371255229819385,-0.011449371760388884,-0.0011910040698184991,-0.10472210422946399
622534,814,-0.005523244835912057,-0.010970888622643064,-0.01097305053763406,0.0054498057017220046,0.3189707532230868,-0.010907128761662402,0.00025112536259339714,-0.1023374250456829
682657,1193,-0.015917664146330383,-0.01097641168052204,-0.010971467196340252,-0.004946196949990132,0.3529478557923372,-0.02384132849302513,0.0002638482414841141,-0.08791174464638744
669326,317,-0.012703902454475483,-0.010936627185515288,-0.01094221730979795,-0.0017616851446775337,0.41578296503946965,-0.01658449796128816,-0.0005974390346738264,-0.10286727792409123
682998,2604,-0.0019726025746428823,-0.010936674670838623,-0.010940660581132518,0.008968058006489638,0.366274297540219,-0.009804418526899013,-0.0005094535046289186,-0.0978543671444969
695734,649,-0.026177878491520954,-0.010917761546846125,-0.010923385948146484,-0.015254492543374474,0.3235815233133492,-0.030514183496646214,0.0001737078183464321,-0.11049763874171067
671056,1235,-0.020123231099343077,-0.010908122748537322,-0.010919749076058366,-0.00920348202328471,0.3720152562476697,-0.02677166813916426,-0.0009762849589416388,-0.10153354519947327
624585,1851,-0.014423041104075803,-0.01089556652808644,-0.010912789406734074,-0.0035102516973417285,0.37679890094367696,-0.021431724190961732,-0.0003791058754510033,-0.09723844841533139
621566,3228,-0.023561547632265804,-0.010896183176938044,-0.010907685654706824,-0.012653861977558982,0.3634538006029121,-0.030115448588323445,-0.0006458233692663766,-0.09752946878713115
518595,1295,-0.023744360816617856,-0.01088635049577154,-0.010892882718482105,-0.012851478098135749,0.3429690161159459,-0.027495056124354548,-0.0004629238710633625,-0.10443806385963755
681508,188,-0.013517385011173754,-0.010891633830381255,-0.01089247104052953,-0.0026249139706442234,0.3463304921541051,-0.01733525998397571,0.0003248482568885413,-0.11187263077348851
686948,834,-0.02460478180225274,-0.01086980281904542,-0.010891869712485736,-0.013712912089767004,0.37406928336631406,-0.03071290267008416,-0.0002927066087411528,-0.10263244643401978
474832,284,-0.014854539878676172,-0.010892623800206672,-0.010888693273784012,-0.00396584660489216,0.3473604698171255,-0.018323376004956322,-0.0006236752516466918,-0.11870483715672024
672724,792,-0.009733901156848614,-0.01087620514394688,-0.010882965179310634,0.0011490640224620205,0.29374403277767186,-0.014857196127093544,-0.0009439846492551402,-0.10600710240100655
670042,1545,-0.004081452231812207,-0.01087790816306332,-0.010878395869147232,0.0067969436373350265,0.31538679686676224,-0.009056233658968474,-0.0006070455247227448,-0.10025960741278368
542303,2687,-0.021330162854919038,-0.01086635512689809,-0.010875621538130766,-0.01045454131678827,0.3554652966515369,-0.029250482478405036,-0.0005091373515113539,-0.09688945168362612
664983,1306,-0.017596334768550118,-0.010858101227245882,-0.01087240828483554,-0.006723926483714575,0.40324646007152015,-0.023587687676657483,-0.0003200331066172207,-0.09655104914549584
665506,402,-0.012260735404275037,-0.010878684007422373,-0.010870898136097734,-0.0013898372681773023,0.3698820152731136,-0.01650683912603027,-0.000502853563717697,-0.1072555698290519
670092,124,-0.0034727747987946156,-0.01087097061998077,-0.010869405798385324,0.0073966309995907075,0.28937256543452555,-0.006682672371303548,-0.0022387912766089926,-0.11105636689277755
667670,2648,-0.016229671446145136,-0.010855369793627234,-0.010867509563725968,-0.005362161882419166,0.3496602582819482,-0.023150317860124194,-0.0005796824532317714,-0.09999339017898282
527038,1586,-0.005785959890792194,-0.010866616047736404,-0.01086617546436235,0.005080215573570155,0.28697542952977523,-0.011136314820531082,-9.323697611980524e-05,-0.10252134307459616
593160,960,-0.021370051464178964,-0.010841536809316028,-0.01084909863115274,-0.010520952833026224,0.3544837562796597,-0.026582211505335577,-8.437325326564721e-05,-0.10330515903180534
575929,1917,-0.017098090082203598,-0.010833439773729666,-0.010839262390612253,-0.006258827691591343,0.3913812033752558,-0.02415977753164156,-0.00013591395384588716,-0.09463802018917586
608070,2877,-0.006614932267276237,-0.010825715124193773,-0.010836153160224732,0.004221220892948497,0.2561235180883147,-0.01535084130280199,-0.0006352116370384927,-0.09681588210902876
669717,187,-0.013568904882226535,-0.01083101009071573,-0.010833656959139853,-0.002735247923086681,0.41212851989154375,-0.018810125450316868,-0.0001694634811125548,-0.09488610812169684
656716,1892,-0.025377868789752588,-0.010806088186919579,-0.01082720165074139,-0.0145506671390112,0.34976314079345705,-0.029940873348847985,-0.0006730631990746007,-0.10496068913966299
687231,529,-0.01861276439811834,-0.010810910183195752,-0.010815518118500492,-0.00779724627961785,0.3588077230547188,-0.022951228235633437,0.00034973495085635165,-0.10335251970666477
641355,2746,-0.009243780260353435,-0.010790338621204213,-0.01081471509441923,0.0015709348340657953,0.35871742382607624,-0.014497149952755922,-0.00036854424110496856,-0.0912964857514965
642715,3086,-0.005843154343448492,-0.010816687674104587,-0.010814591588898286,0.004971437245449794,0.36757865408331974,-0.012957299596600774,-0.0007090521906532057,-0.09861743874309628
682626,1325,-0.0011777419918844163,-0.010819717904918319,-0.010811424197941778,0.009633682206057361,0.3290832154029325,-0.007932749881064273,-0.0005693078830088982,-0.0983451236202548
665489,2617,-0.020718985242426272,-0.010807592092036375,-0.010809628341689784,-0.009909356900736487,0.36142431636829014,-0.026047120348568716,-0.0008261512166731547,-0.10201747246891912
572191,1304,-0.016313513438678477,-0.010793079805447855,-0.010808462759413849,-0.00550505067926463,0.38993027382763473,-0.02164479558789181,-0.0011324716533286756,-0.10143495396406242
665953,410,-0.021105539297746726,-0.010788157393698546,-0.01080769737850749,-0.010297841919239239,0.32404347516956744,-0.026150937107379865,2.5945807838239763e-05,-0.09986780927208741
676609,1518,-0.011930769513619828,-0.010799057866980249,-0.010802571569929262,-0.0011281979436905687,0.36941684894218657,-0.019092730153476373,0.0002280935011263028,-0.09537456664363689
663611,324,-0.012643866448032195,-0.010799974287413375,-0.010800343220310081,-0.001843523227722115,0.4094093027270494,-0.01700240678116398,-0.00012822352034428836,-0.10095093365948417
687529,295,-0.01958871903478039,-0.010779629661989747,-0.010795289455788408,-0.00879342957899198,0.4219143098855285,-0.02471506855958039,0.00012444204522054728,-0.09354161771601176
678009,1071,-0.017096813060755087,-0.01078898373168238,-0.010791746525775343,-0.006305066534979745,0.3541149676266092,-0.021720529535829546,-0.0010326281191280406,-0.10539835869465612
642731,1230,-0.014549848084072517,-0.010781274144437076,-0.010790782334913035,-0.003759065749159481,0.382689153538758,-0.021282262241799195,-0.0005716671839635139,-0.09427732436652468
578428,1097,-0.022077613481253047,-0.01078737546148291,-0.010786577532646443,-0.011291035948606603,0.39400386868470694,-0.02870333650249564,0.00036368552476675,-0.09034971982223342
680718,1302,-0.01527745298303456,-0.010780810109167194,-0.010780707460788961,-0.004496745522245599,0.3709727802509216,-0.021882223347431787,-0.0005330335123441613,-0.09377814463371596
681351,1989,-0.008569217589675904,-0.010777368356923616,-0.010777742790385122,0.0022085252007092186,0.36610939132171344,-0.01514280526734283,-0.0004940398173170248,-0.09711973663419055
668832,260,-0.005711016515814468,-0.010755537628699071,-0.010765812856793499,0.00505479634097903,0.333725429450357,-0.008625856582507663,-0.0009144174621745429,-0.12069017537444003
681393,1017,-0.010955397884002615,-0.010766016426828366,-0.010764636356571025,-0.0001907615274315897,0.34148480016653243,-0.014992948627345504,2.9117115233446126e-05,-0.10821901209345008
543877,1135,-0.009800207787043378,-0.010750518477863789,-0.010744294111484197,0.0009440863244408188,0.3902269371775348,-0.016739001523762908,-1.5891528508507883e-05,-0.09891611935041833
669134,741,-0.005570452258325045,-0.010736759677658489,-0.010732479539673939,0.005162027281348893,0.38181610690756124,-0.01128463747914101,7.786536515739683e-05,-0.10165272849498183
694376,145,-0.00015133514723982095,-0.010737855468497632,-0.010724870379147676,0.010573535231907856,0.3224821283632792,-0.006299357211336788,-0.0016743028979379986,-0.09675315744921033
682829,2723,-0.02144822869327599,-0.010712562867207315,-0.010722082292821185,-0.010726146400454805,0.3470377990644796,-0.028789047695663286,-0.00041737652894382137,-0.09228388324882507
553993,2846,-0.015553832877689007,-0.010708457756922701,-0.010711191916338805,-0.0048426409613502005,0.3771749712615445,-0.022332238077410596,-0.0005815267895472634,-0.10226503920710488
656484,232,-0.009191014981082662,-0.010709235636414662,-0.010705430156019794,0.0015144151749371328,0.3318442450125604,-0.013899169594013458,0.0007205874917531471,-0.10595867223092896
669699,87,-0.004897808572974222,-0.010737013028458982,-0.01070473315765597,0.005806924584681748,0.3703664857303589,-0.007491816756070412,0.0007469339142733281,-0.09939333605270229
595909,895,-0.02195879581143091,-0.010693345742857824,-0.010697687142814065,-0.011261108668616843,0.37119906014783305,-0.027718756808940585,-0.0003365156483582251,-0.09791679687064785
663853,1073,-0.007628821945495185,-0.01070178534625955,-0.010695463105859828,0.0030666411603646436,0.39882367555437775,-0.012734062817233589,-0.0002846785622713044,-0.09337947435686754
702176,236,-0.014840765350347755,-0.010678128694874183,-0.0106860877198768,-0.004154677630470956,0.36318443113252447,-0.020279757998872258,-5.0937475800728336e-05,-0.09789102372759342
645302,653,-0.018070851639805634,-0.010667900727199635,-0.010673003092397687,-0.007397848547407946,0.35062451986617343,-0.02249639749039113,-0.000532781919813485,-0.1064200200440636
596129,276,-0.023076899469765,-0.0106310928982816,-0.010635088591519709,-0.012441810878245287,0.3042009580200556,-0.031198665606642573,-2.558810479320037e-05,-0.09998748449157047
646240,2993,-0.0063972701243823725,-0.010632126790235813,-0.010628387843547978,0.004231117719165605,0.3324015376378386,-0.015110312096984081,-0.0008432459145142896,-0.09420553720105122
623168,342,-0.015832917043700528,-0.010622740486462291,-0.010622807453831129,-0.005210109589869401,0.3254416895674676,-0.019248365034556365,-0.00011979429982965118,-0.10005899677604135
676391,1686,0.0065663849434935044,-0.010632229937081898,-0.010622406947673782,0.017188791891167288,0.2952976867391073,0.0010192727933139446,0.000117973614436266,-0.0947714101993812
683227,209,0.003975588423144105,-0.010632794148008837,-0.010622166343307735,0.01459775476645184,0.36858870363417395,-0.003976735909669332,-6.609402873364041e-05,-0.09717263832325465
669357,1700,-0.011059133019703108,-0.010599807640070583,-0.010620306723896277,-0.000438826295806829,0.35348652117705953,-0.01655140036966346,-0.0005503346165389194,-0.10315585075355885
642133,1297,-0.020778062755319366,-0.010613385875999736,-0.010610482642008978,-0.01016758011331039,0.333230353946954,-0.027711081059720415,-0.00019039349045712683,-0.09301745373492828
688363,349,-0.00842889343617716,-0.010603931322428192,-0.010608212635198542,0.0021793191990213817,0.30439220269566275,-0.013851913126005633,-0.000724229092993251,-0.10218743109746932
696100,1673,-0.003517553370003176,-0.01061190132015582,-0.010607832900553246,0.00709027953055007,0.2753273686195993,-0.010474488330186129,-0.00020685997412143019,-0.09062391133338928
660644,697,-0.019654460238592387,-0.010589142748458947,-0.010594905105936794,-0.009059555132655592,0.3440522971663119,-0.023765996026940135,-0.00041174652868686414,-0.11056339008350792
502110,1191,-0.014554045797199199,-0.010568862287366896,-0.010594596177263188,-0.00395944961993601,0.3889957238064717,-0.020332313733008485,-0.00040593266313999134,-0.09865395246211624
671732,2098,-0.029198357223511717,-0.010574606682085068,-0.010593479847851705,-0.018604877375660012,0.316068836073217,-0.03566915935849209,-0.0006207960414211372,-0.09826873594719486
695391,326,-0.0010483012669168827,-0.010599321861995496,-0.010593010165054647,0.009544708898137766,0.3286441499308628,-0.004610726595186087,0.00047390036004414513,-0.10786970410992386
516416,92,-0.013533388080364502,-0.010593002057284686,-0.010589856088049084,-0.002943531992315417,0.3971490528628573,-0.017514940917634142,-0.0008869045448872568,-0.09623503762908815
665923,351,-0.017975329223778022,-0.010551329200817514,-0.0105872545141889,-0.0073880747095891215,0.4012405879082061,-0.0231761900877596,0.00032147002101860653,-0.10014363763812927
662139,1768,-0.004741224705600189,-0.010575383928757476,-0.01058323330341687,0.0058420085978166825,0.326211184163574,-0.010589954365382124,-0.0004023631659263746,-0.10403299120915871
670097,392,-0.00458872802436644,-0.010575165907615446,-0.01057728460250949,0.005988556578143048,0.3104056766083431,-0.009151902522458982,-0.0008977846815251567,-0.1193374989158358
672284,1045,-0.019085977665104586,-0.010570167422087749,-0.01057586197633484,-0.008510115688769748,0.3390025609982955,-0.025714675356553054,-0.000890080331884671,-0.09551841308069908
593428,1935,-0.012966924086476603,-0.010553169786992608,-0.010574028670653261,-0.00239289541582334,0.35553603793126654,-0.01630535208509107,-0.00033406776309673604,-0.10388524587926821
657757,2127,-0.010218976897992383,-0.010567810896064051,-0.01056747058238482,0.00034849368439243575,0.38912023813418367,-0.01843056221562645,-0.0005000600671564169,-0.08876650891324761
518735,587,-0.007901593730933569,-0.010565912393027486,-0.010564557141302791,0.0026629634103692203,0.3932625131423047,-0.013445315081311757,-0.000604402354755801,-0.10160531068855395
656941,2631,-0.000116510058356087,-0.010556410474463913,-0.010561890912807934,0.010445380854451847,0.31888606373447426,-0.008328977147479781,-0.0008837841131258384,-0.1047186314063595
642201,555,-0.006174911966357809,-0.010557903011713157,-0.010560385055976514,0.004385473089618704,0.37750231368091924,-0.009715760482169445,5.2689947069008046e-05,-0.11208555208162012
671218,2191,-0.025228053387651588,-0.010541234524687694,-0.010554079374906815,-0.014673974012744775,0.348251178042145,-0.03173181067483169,-0.000283845688929252,-0.10375734819760958
686780,1143,-0.01960005890687025,-0.010512266586590706,-0.010538273856270125,-0.009061785050600124,0.3846771006197227,-0.02712776044721233,0.0002798446786678757,-0.09460733303469239
444482,839,-0.01791577569472458,-0.010515518312337834,-0.010535366489473697,-0.007380409205250883,0.4282917734323086,-0.022859175299269285,-0.0007300536416194436,-0.09649918096666737
664770,914,-0.015147776231202587,-0.010536232631440327,-0.010534459419031915,-0.004613316812170672,0.3906021250925587,-0.022229606386369165,-0.0005875873479549582,-0.09470266280283586
624424,1980,-0.01751534523817072,-0.01052315504394809,-0.01053222316473999,-0.00698312207343073,0.3946515096777736,-0.023998124916226354,-0.0008045026653222122,-0.10656433644317855
592663,2121,-0.014907070352878164,-0.010523980115302247,-0.010530366099998426,-0.004376704252879738,0.3890596234214919,-0.01999217070739965,-0.0002250620976689966,-0.09743306266510625
678545,188,-0.025027762878146776,-0.010536374522150806,-0.010524021376225367,-0.01450374150192141,0.3143506990287277,-0.0320152072430338,0.0005510187469934537,-0.08911501798226851
664761,2305,-0.018412780179713963,-0.010517362275485383,-0.010517584062375676,-0.007895196117338285,0.3757837412380534,-0.022937306262441382,-0.0005006542310233183,-0.10400691001958157
691777,389,-0.01719671806919426,-0.010500582393456317,-0.010514041216686825,-0.006682676852507434,0.4058781369488794,-0.025476110426205904,-0.0006310559316422149,-0.09153771344484296
592518,2866,-0.016084090559544184,-0.010501796392490098,-0.010501968514024247,-0.005582122045519938,0.396422059672006,-0.02102019800345098,-0.0002477252816860704,-0.10067193494967236
805249,387,-0.018754022822479906,-0.010468645485489333,-0.01049736416478995,-0.008256658657689956,0.3792247161393955,-0.02490794720578025,-0.0004999428768657882,-0.1038021709170019
608369,2121,-0.014500266951863384,-0.010469721722452096,-0.010478594339048637,-0.004021672612814748,0.4197979118321733,-0.019915397834702097,-0.0006378074241325495,-0.10514816857791354
680862,200,-0.022766813099260777,-0.010479598765579825,-0.010478530449468518,-0.012288282649792258,0.3834188467054792,-0.027012440438461717,-0.00016920209231043577,-0.10515521733204633
694192,1977,-0.010422585497608798,-0.010481806617731345,-0.01047592345614035,5.3337958531551035e-05,0.38191475017239673,-0.016689273328775657,-0.00038734553573667403,-0.09466530885598672
663624,2079,-0.01563579105433319,-0.010461836110241674,-0.01047396114613611,-0.005161829908197079,0.38971690553470895,-0.021034425214239292,3.6747476435322976e-05,-0.09261441766034569
681987,145,-0.02087551992631406,-0.01046715593741676,-0.010472283436617621,-0.010403236489696434,0.3208756619592679,-0.026116291576434473,0.0002675303399232998,-0.10362394665265644
687551,176,-0.014869498200022533,-0.010473865114593016,-0.01046992971627881,-0.004399568483743723,0.36254786086296076,-0.019038568234631122,-0.00024107983480661796,-0.11541298099761245
682073,88,-0.028171082186267547,-0.010448150826427497,-0.01046520619855393,-0.01770587598771362,0.2977304103363721,-0.03986059567743982,-0.0021339520900558015,-0.0996298831372438
663616,1630,-0.02326127989038615,-0.010449142954283177,-0.010464249142536696,-0.012797030747849452,0.3348286832048145,-0.02967141782086155,-0.00041642471439650976,-0.09897563977581698
681624,2014,-0.030341835300267222,-0.010440825227465134,-0.010459862225213097,-0.019881973075054123,0.3089527996605234,-0.035815214734362076,-0.0007467636850940606,-0.10374674085911464
641680,1992,-0.008491019648691405,-0.010451551092818213,-0.01044851091295795,0.0019574912642665453,0.3758657298702534,-0.012954550674333546,-0.0001598624360285832,-0.10047024294895049
676475,2259,-0.013186350559046427,-0.010443998303377654,-0.010445419968259744,-0.0027409305907866812,0.3405567672748508,-0.02046100572159523,-0.00029724728660215634,-0.09251834277230826
691026,2266,-0.015474821461878101,-0.0104354541911117,-0.010438923278668737,-0.005035898183209364,0.37120596228970454,-0.020908096681310107,-0.00023550696542969015,-0.10184903169084321
681082,2324,-0.013323684247796936,-0.010432690015765845,-0.010437776913770703,-0.0028859073340262334,0.4059183606258955,-0.019485279585714915,-0.0001756074719016068,-0.09959134042493265
455117,786,-0.010284946984446347,-0.010426183430402306,-0.01043264352548282,0.00014769654103647458,0.3785456185892537,-0.016726028239405135,-0.0002792563024761803,-0.09994485087705356
683357,57,-0.024380207959725668,-0.010410069167437582,-0.010427942340193903,-0.013952265619531763,0.31246790847000694,-0.029648644445189398,-0.0010935646066200233,-0.10390521141443737
682927,143,-0.014830141817839126,-0.010433203195938308,-0.010423532519970493,-0.004406609297868636,0.3762918605493207,-0.021166485439460713,0.0002847749522306224,-0.09805619499511635
641933,1425,-0.008215591020049796,-0.0104110695151908,-0.010421766714073112,0.0022061756940233144,0.3988278431983396,-0.014774406023259322,-0.0007497534236166735,-0.10099657452737965
669450,189,-0.016029923658590205,-0.010400328250696124,-0.01041124425350979,-0.005618679405080415,0.31241883306351065,-0.02201251162180956,-0.0013251590889465413,-0.11504788929353581
669208,182,0.000387241733723415,-0.010380759582148619,-0.010394543768449692,0.010781785502173107,0.3327987572116911,-0.00452729970996034,-0.00044048100106573675,-0.11355049761915947
553869,1556,-0.016780720085908488,-0.010392387089849048,-0.010394529941262717,-0.006386190144645772,0.36373883268893287,-0.023332912229801345,-0.0006565832589526602,-0.09891081411642001
805904,81,-0.013876153462534934,-0.010396985089075918,-0.010394074843167567,-0.003482078619367367,0.3925969695306634,-0.025688674815283214,-0.000865212139352619,-0.08434253378994847
664040,2323,-0.014055349713514565,-0.010369489815129926,-0.010387074707392814,-0.0036682750061217506,0.3730155584379342,-0.01964707988487029,-0.0004421200177102875,-0.10609111971235491
666160,2058,-0.02485356488727726,-0.010365391386335599,-0.010379306241094262,-0.014474258646183,0.3595461648323024,-0.03210199255370764,-0.00031751539331821614,-0.09042158658469757
500743,1246,-0.012734854656894272,-0.010373584270846286,-0.01037910487040921,-0.0023557497864850614,0.3834617513493692,-0.017066050268039295,-0.0004198184776454827,-0.10823801934449162
666165,340,-0.008811155059979208,-0.010362122718465105,-0.010373724806852714,0.0015625697468735055,0.3546378224531093,-0.012816115842180422,-0.0008656151601220812,-0.10056028292084886
665966,872,-0.009140177125868065,-0.010374905083425215,-0.010370618338003929,0.0012304412121358656,0.35809199395555935,-0.013623049762375142,-0.00035789755280043496,-0.0994703991957755
592325,159,-0.019887982212492817,-0.010347178304718097,-0.010363615051200691,-0.009524367161292126,0.37958761047312384,-0.02578394157190283,-0.0022532362213704836,-0.11504847346403646
686611,736,-0.013999798114448786,-0.010359760569697077,-0.01035877633432179,-0.0036410217801269955,0.33572473482826554,-0.019303644135662393,-0.0006321598158874295,-0.10708508897432814
596019,3008,-0.017513916315410234,-0.010340889740910025,-0.010351572115815047,-0.0071623441995951895,0.38479603212771535,-0.024069372782629293,-0.0008300094787645566,-0.09959522010004553
592626,1601,-0.007870970314969795,-0.010353521485304664,-0.010346611695732949,0.0024756413807631526,0.28981789847404005,-0.014267842959101475,-0.0002732117572596052,-0.09426719745282253
666018,1173,-0.008595238602583157,-0.01034271864658058,-0.010345835300769546,0.001750596698186389,0.36996414944869893,-0.015308519884017905,-0.0006522042079161509,-0.0978423587563241
641645,375,-0.025985524624140267,-0.010329832078173038,-0.010340215336137411,-0.015645309288002857,0.3149135876287454,-0.03334224077310537,-0.00024095625826679916,-0.10976019901332269
543063,362,-0.008385601973517214,-0.01032135170916286,-0.010330481247123408,0.001944879273606192,0.3378605903019865,-0.014726823715446459,-7.90885303684339e-05,-0.10413634069221372
665862,2285,-0.006991067306144841,-0.010322367807591664,-0.010324704314584033,0.003333637008439191,0.37640341922651926,-0.014172067485062874,-0.0005557030432469686,-0.09686301750052059
676356,800,-0.011546742417771299,-0.010314989628432539,-0.01032417730808902,-0.0012225651096822777,0.35015139800047385,-0.020011584348131755,-0.0007444150443812682,-0.08877172606560389
650559,1740,-0.019871963633605518,-0.010316638040190323,-0.0103193223891766,-0.00955264124442892,0.35128250696765767,-0.026759366028853513,-0.00039827658566668516,-0.09482908807118597
805300,364,-0.017493690875596643,-0.010301130509840188,-0.01031896012297204,-0.007174730752624601,0.3258730264975964,-0.02034607522018006,0.00013934469082487738,-0.12123381819122984
668904,1566,-0.015052610617078606,-0.01030916398943589,-0.010317215347195988,-0.004735395269882618,0.3749522421862555,-0.021248130364832633,-9.583094999993124e-05,-0.09654561419601149
643396,1687,-0.02920987095784762,-0.010286573898206853,-0.010307615317886414,-0.018902255639961205,0.33313802847358376,-0.03427371596935065,0.0003578416289973108,-0.10134971557047566
702616,1415,-0.011819354063767686,-0.010303774481675144,-0.010307569144562045,-0.0015117849192056434,0.38548764784520356,-0.016360894882094957,-0.0009169236670163984,-0.1108248749529869
694374,383,-0.017207362504887844,-0.010304097420354234,-0.010306883898425585,-0.006900478606462259,0.39180179291362055,-0.022537602422464914,-0.00021174526877104055,-0.10509480537514838
571771,1518,-0.018259173463383044,-0.010286064672870522,-0.010303888339970667,-0.007955285123412377,0.38702476481841563,-0.021818155676130175,-0.0004087801168543334,-0.1070485293270686
681807,1115,-0.005794619633550882,-0.010301933223653807,-0.010301991333961988,0.004507371700411106,0.35558974639087854,-0.010175689909591792,-0.0006271007925397613,-0.1023852730290656
692585,310,-0.011916591958271782,-0.010304403384301594,-0.010298805360343999,-0.0016177865979277843,0.35045620453035964,-0.02386631714623626,0.0003850212186997972,-0.07872519652092366
678225,411,-0.03525280558143161,-0.01031386370498521,-0.010292684856410638,-0.024960120725020973,0.2763371713255763,-0.0414898806561988,0.00021336590532780426,-0.10802712423069416
686797,1195,-0.008442557553427267,-0.010284385488774438,-0.010286896242427396,0.001844338689000129,0.34917799515512404,-0.015694369084218215,-0.0003204352170065534,-0.09466576660088842
680118,349,-0.018580161775944484,-0.010273890862692321,-0.010283074941757259,-0.008297086834187223,0.3592561158295538,-0.023622012177901996,-0.0008568165453039069,-0.10776833090486604
641943,669,-0.02218199156776632,-0.010273693280998895,-0.010282692742418314,-0.011899298825348006,0.37622693646310634,-0.02836485722861674,-0.0010016550401444546,-0.1068177228924193
641584,1318,-0.02229027814789033,-0.010273143116838065,-0.010280784822838953,-0.012009493325051376,0.31496565759638345,-0.02773696435782381,-0.0005040942863100054,-0.10602953805538123
687263,2163,-0.008491450107745801,-0.010280389149566012,-0.010279477725282277,0.0017880276175364764,0.34927483016867866,-0.015961970030668737,-0.00041452126155025254,-0.09727398960974012
649966,857,0.0022099901273553183,-0.010293266374787703,-0.010277281214156064,0.012487271341511381,0.3177590366974868,-0.002872630523347851,-0.00010799857557948089,-0.10970463738950503
572816,73,-0.0139960068346256,-0.01026573134316433,-0.010273481020675605,-0.0037225258139499968,0.30908315929094654,-0.024986471164498446,0.0008204608734497034,-0.08208838207634117
593871,1995,-0.008285313899298924,-0.010267842405988308,-0.010273182066405302,0.0019878681671063785,0.32369928659441644,-0.014485109548534374,-0.000463641051298491,-0.10478703630364847
446334,119,-0.007565903089060007,-0.01025119523444596,-0.0102628828383917,0.0026969797493316947,0.39550166850716106,-0.011060194008386362,0.0003755082447865422,-0.10407869711427475
656669,143,-0.008440335458782996,-0.01023550027687002,-0.010255404676387622,0.001815069217604628,0.35679695774892967,-0.011043481805440652,-0.00019869646636822743,-0.11220185726116938
696030,310,-0.02040583456956032,-0.010252317665833195,-0.010253155336819282,-0.01015267923274104,0.3897887200847674,-0.025243705967171234,-0.00037360118689710396,-0.09969296839114504
543309,1178,-0.0016397440788761498,-0.010257698595686197,-0.01024305748411498,0.008603313405238832,0.32672822184645434,-0.007214065728835363,9.030559914422642e-05,-0.10239279074299447
663743,1059,-0.012908833806728307,-0.010250372670080653,-0.010241394857819915,-0.0026674389489083927,0.32123748104377653,-0.019506305141707595,-0.00022494630922067623,-0.09897546749428757
701358,943,-0.03073054891199881,-0.010213356800887134,-0.010234170790244213,-0.0204963781217546,0.307784850527889,-0.03703900213597876,-4.0890437640003314e-05,-0.09827635998474804
695681,344,-0.00466863525855746,-0.010251574539699203,-0.010228432188508682,0.0055597969299512225,0.3814085349299867,-0.00814537071121242,-0.0006286057445310689,-0.1116681483412746
669221,1339,-0.010462887377323623,-0.010230572279567614,-0.010227733240741641,-0.00023515413658198152,0.3134547618323055,-0.015227894422409544,0.00039929409626400086,-0.10089586741644878
663604,295,-0.03175192572909024,-0.010167865402802775,-0.010226883828085728,-0.021525041901004512,0.3570297927447112,-0.03558145728081631,-0.00010571235834799861,-0.10586439542464521
681715,485,0.00043127067803787713,-0.010224303957298175,-0.010222271267075029,0.010653541945112904,0.2916043695811915,-0.0045098579807459115,-0.0013072997824530113,-0.11125720987716756
518934,868,-0.01953375068468493,-0.010222345841125757,-0.010218376722602842,-0.009315373962082088,0.3625414971526856,-0.024747537148906068,-0.00027744229549312083,-0.10613881707386888
572233,2691,-0.013021332093083652,-0.010208399749107156,-0.010212414800502473,-0.0028089172925811787,0.3710755112595506,-0.018756799381117812,-0.0004177168127319381,-0.10282104377641998
665750,1664,-0.018655424969212173,-0.010207545066096087,-0.010211035831440904,-0.00844438913777127,0.33919775992336,-0.025388427241421603,-0.0006148416333666091,-0.09410894730571708
693304,1591,-0.029229745896826382,-0.010196174168244938,-0.010205514036883152,-0.019024231859943234,0.30408340862094957,-0.034174913009060386,-0.000728927237523106,-0.1066639761181388
686823,1000,-0.01618301693290856,-0.010191796603127216,-0.010201812534299344,-0.00598120439860922,0.3731454971236879,-0.021949069288605016,-0.00013423779545493857,-0.09854158581551176
663898,1376,-0.022782008291900344,-0.010193174953698418,-0.01020073685561401,-0.012581271436286333,0.3736396325378102,-0.02856456593055735,-0.00027431972708389935,-0.10464702233830739
666310,1753,-0.023810142792466352,-0.010172370715026385,-0.010193888945341543,-0.013616253847124811,0.36268856841352176,-0.029451293937272405,-0.0004436050933641519,-0.1055964713265012
663837,1572,-0.021985247419948527,-0.010186692147624014,-0.01018839059943462,-0.01179685682051391,0.3582378703723941,-0.02735598968865803,-0.0003677894304168681,-0.10203857003399085
683002,2907,-0.021252098403622292,-0.01016687807943781,-0.01018072139421845,-0.011071377009403843,0.3567207773215138,-0.02640898619726034,-0.0005656713761614902,-0.10031484025532607
467793,2252,-0.010952460441829372,-0.01016760170111137,-0.010176708052309536,-0.0007757523895198358,0.38284315239128575,-0.017725777205394495,-0.0005259074439651467,-0.10480806412391423
664034,2371,-0.010826503938324877,-0.010171827902641936,-0.010174399892254622,-0.0006521040460702561,0.33485129652198764,-0.01760554443884556,-0.0009542828973483661,-0.1009185121431382
518692,2912,-0.021896562254824458,-0.010165585254059868,-0.010169244631423525,-0.011727317623400933,0.30220857956646274,-0.026522054775529047,-0.0004949349761147266,-0.10086783791482136
621439,1813,-0.006925017746810887,-0.01016815747122291,-0.010168138616565145,0.003243120869754258,0.3257122071378222,-0.013841826662636919,-0.00039924135235678404,-0.09668041839002102
670623,2338,-0.014633370674786922,-0.010170169103239335,-0.010163768270700198,-0.004469602404086724,0.2543789878653545,-0.021456035067362864,-0.0002533280230253617,-0.10102491511287956
672386,1766,-0.009472966133262895,-0.010154131453931863,-0.010155717752398477,0.0006827516191355804,0.34249220612513354,-0.01508479620792674,-0.00038421979200144076,-0.10394502471607463
676369,634,-0.0028656541105706768,-0.010162795522140694,-0.010155670765901516,0.007290016655330839,0.3569656999857134,-0.009367548878870582,-0.0008712872156647316,-0.09945912073126323
621311,134,-0.010760014626956298,-0.010130917758030841,-0.01014481959106925,-0.0006151950358870485,0.4124318224486186,-0.0191519391442608,-0.0005509210936712158,-0.08854582260306777
669911,1670,-0.012158979491852436,-0.010132478214574098,-0.010143519910901976,-0.0020154595809504607,0.34830374411294474,-0.017713799124984463,-0.0005793029977611706,-0.0906190779660519
669242,1197,-0.010273191260154966,-0.010130940441911644,-0.010136305728769416,-0.00013688553138555034,0.4007102769238007,-0.017396296856698017,-0.0005360849253272435,-0.10373535640489909
621028,740,-0.022756679103016073,-0.010136722452305178,-0.01013620226368365,-0.012620476839332422,0.33585590772746354,-0.02874076886077273,-0.0002605516895580793,-0.10114243334014007
668952,194,-0.006038668587423147,-0.01013312847300779,-0.010136074490495329,0.004097405903072182,0.37051122154379923,-0.010476421137519381,-0.0011027753944283325,-0.10812839688443315
657557,1746,-0.00140743230341946,-0.01013049542245767,-0.010131985950387418,0.008724553646967958,0.30913711672760225,-0.007467486162539853,-4.1721383979848246e-05,-0.09594912065647387
572138,731,-0.017555206600859193,-0.010124250888869086,-0.010124117652083046,-0.007431088948776147,0.3386759235291637,-0.02381017705582813,-9.566294560217358e-05,-0.1068897836562283
663967,73,-0.006185072621368999,-0.010211889832951192,-0.010123200801054659,0.003938128179685662,0.3176438693201048,-0.008236142947730264,-0.00032268567669707854,-0.11074915090466103
669364,1623,-0.021543574957551378,-0.010116489446078115,-0.010121368461604809,-0.011422206495946573,0.35063254869701316,-0.02660302437593806,-0.00043290731936594033,-0.11047779192875495
694377,201,-0.022529328959140567,-0.010076718646902884,-0.010119524157189802,-0.012409804801950761,0.38273671699236983,-0.02719962296096369,0.0014999627736645028,-0.10251756209734081
686676,1006,-0.01709851861736514,-0.010116874176205805,-0.010118886498904448,-0.006979632118460694,0.3755643444411749,-0.022038391531072853,-0.0008113682313961279,-0.10085612872213805
656811,2199,-0.02043588025029702,-0.010089835766283141,-0.010114707613330614,-0.010321172636966405,0.3612381702828454,-0.027636607990388813,-0.0006537783299159413,-0.09732417618867042
681297,1650,-0.023258609495528756,-0.010089702734088359,-0.010107308531087805,-0.013151300964440948,0.33620072057715394,-0.028837423804677364,-0.0006300711084994523,-0.10385107951070591
681460,851,-0.007437259958639362,-0.010109967365942826,-0.010104719564046223,0.00266745960540686,0.3555213077522491,-0.01358325319844803,9.425784477779932e-05,-0.09594471398560031
676572,947,-0.004058821188006251,-0.0101122637614287,-0.010104165134042125,0.0060453439460358745,0.35935903698045346,-0.00983522834688279,-0.0005232353331758575,-0.10046359610836844
686469,2124,-0.014942030879744456,-0.010099500999552735,-0.010098518284580147,-0.0048435125951643105,0.35984874614044976,-0.02131746214019641,-0.0005771401096711407,-0.09371733771068289
665804,983,-0.02110537093869852,-0.010084185162896475,-0.010097300219446551,-0.011008070719251967,0.3177906360282749,-0.026361919949362256,-0.0002861393536938446,-0.09856077751652643
810938,551,-0.027944390851019307,-0.010077071744749047,-0.01009635983632274,-0.017848031014696567,0.3569821619990509,-0.03309668254052931,0.00018891356502379305,-0.09507172700806604
663647,1812,-0.013122800334660656,-0.01010220380207448,-0.010096276168604753,-0.0030265241660559035,0.3476445377993114,-0.020535494878000094,-0.00010527180689814653,-0.0999020097150687
641820,64,-0.006971650221715239,-0.010092050931231592,-0.010095857851808247,0.0031242076300930072,0.41076171303283904,-0.011238999858179133,0.00013323167916480717,-0.0896839191949519
680777,1770,-0.00265473906153813,-0.01010311960204908,-0.01009572355092346,0.00744098448938533,0.34271348738728513,-0.010838752280097882,-0.0002130616735690293,-0.09339329458449343
694362,158,-0.019723666642288484,-0.010076487833852513,-0.010093324125565609,-0.009630342516722875,0.35686871338751175,-0.02884385283173793,-0.0014195225674735884,-0.09888816335213313
665861,75,-0.010713796721302045,-0.010085646079280718,-0.010088181475935909,-0.0006256152453661357,0.44397370514708273,-0.01840158116357085,-0.0007796764203444229,-0.08827268255307093
691016,1600,-0.013306693709913664,-0.010083766560772147,-0.010085298797017807,-0.0032213949128958573,0.40220928292660446,-0.018967224715427358,-0.0004316432112837621,-0.10188523660192088
457759,1704,-0.013597556322380574,-0.010072565590664708,-0.010085216501060274,-0.0035123398213203006,0.36113905119664347,-0.019542830385832287,0.000138557956950027,-0.1009165847403241
571970,1442,-0.014137520893178044,-0.010065374929778052,-0.010081785711756427,-0.004055735181421617,0.3764660096335913,-0.0201800982168065,-0.0004799175755078097,-0.10977793330014146
660670,1601,-0.01558789316245673,-0.010077008558343963,-0.010081085261920355,-0.005506807900536375,0.343159818560403,-0.02157368959700752,-0.0009398416244753003,-0.10971732386729022
493329,379,-0.013262366497150308,-0.010069127493726774,-0.010074723120378562,-0.003187643376771746,0.39709088120831887,-0.019131988944750655,0.0005970852713994591,-0.09725178965939027
665120,132,-0.013940744431157963,-0.010062148881028866,-0.010070593066244488,-0.003870151364913475,0.36578178661569827,-0.024257946153259866,-0.0003960093051167172,-0.10009261517136206
660162,880,-0.021104510131580594,-0.010028893444962045,-0.010055564680504465,-0.01104894545107613,0.3412688859766266,-0.02801112104060005,-0.0008604614064828392,-0.10455339624617574
669065,1303,-0.020516115128506675,-0.010030248739218782,-0.010051635571611236,-0.010464479556895442,0.3483290006526489,-0.025247467325994154,-0.0009034670606735061,-0.09723475212688883
606115,1794,-0.0041732255279478036,-0.010071601137292932,-0.010051340434608752,0.005878114906660949,0.36630959008052116,-0.009446883665138687,-0.00041444441662096915,-0.10417948977095803
686765,313,-0.019680640138350535,-0.010033113741374751,-0.01004163200537008,-0.009639008132980456,0.33291821673881555,-0.024826184822943905,0.0004380157168316607,-0.10954402991985969
677800,1763,-0.012265148584822872,-0.010020911616486267,-0.010032945706084347,-0.002232202878738526,0.393146609533698,-0.01867619003709793,-0.0004795697089719638,-0.1009505627522207
621563,291,-0.01186136965083623,-0.01000952770352408,-0.010031461595529945,-0.001829908055306287,0.4461810613979188,-0.01908917347310031,-0.0009148604071922252,-0.09141429423601537
686668,2322,1.7950629392179286e-06,-0.01002576615208602,-0.01001959808788908,0.0100213931508283,0.32701950640285365,-0.005381732395760162,-0.0005360587823214635,-0.09869408588130624
643446,2185,-0.01764124673004327,-0.009987821878744228,-0.010012217644051871,-0.0076290290859914,0.3519112295531339,-0.02096345948768827,-0.0004900939357110587,-0.1066238604057043
680779,1022,-0.005183965397503545,-0.01002412430354854,-0.01000937273516468,0.004825407337661134,0.2898213840650794,-0.011383661675877331,-0.0008890381003783457,-0.09923320770599213
690291,263,-0.015636167827327074,-0.00995794698538804,-0.00998974962429377,-0.005646418203033302,0.3743620284065253,-0.021352865813503315,0.00036036041718802897,-0.09801812125317569
695578,1598,-0.02710885789853099,-0.009978369221406703,-0.009988328136787086,-0.017120529761743903,0.3325934567814513,-0.03264429368556668,-0.0006614320527979366,-0.09901959012707265
668804,2904,-0.0128752267071548,-0.00996879199609178,-0.009982929212598413,-0.0028922974945563874,0.35054036786377185,-0.0204982406713455,-0.0003850224417676123,-0.10397711581142756
805811,63,-0.016976361366942982,-0.009953648583646285,-0.009972759810323587,-0.007003601556619394,0.3593020784086992,-0.020515368956383385,0.001631682024188475,-0.09177739103840055
656180,898,-0.029873334121685136,-0.00995175129088807,-0.009964525222479932,-0.019908808899205203,0.31967223363320085,-0.03519687342237479,0.00023087505992791708,-0.09844705999138724
682985,2652,-0.029564600344940756,-0.009951538530006795,-0.009962418224680426,-0.01960218212026033,0.318328530214378,-0.03588612813628687,-0.00041003238498456507,-0.09723090575480335
680776,2585,-0.018109333543151078,-0.009957948959222716,-0.009959371232703858,-0.00814996231044722,0.3841759955510362,-0.02438572408747952,-0.0005662350836064374,-0.09415523406397723
602104,1466,0.0021849672509673874,-0.00995862783198864,-0.00995625163948943,0.012141218890456818,0.3014076444146613,-0.003046209414319084,-0.0003894437988287905,-0.10585016893137586
666163,873,-0.006569320201795376,-0.009936454869567382,-0.009940508422208814,0.003371188220413438,0.36691070497708234,-0.014162650415476156,-0.0003912157311947072,-0.09620133869187335
691176,1008,-0.023120084069584414,-0.0099291058890959,-0.00993752119473038,-0.013182562874854033,0.34762505074078226,-0.031118055097603087,-0.0006153820209072062,-0.09220863200945054
675961,339,-0.02118751387190139,-0.009886761663124804,-0.009933572057635034,-0.011253941814266356,0.34329302698741043,-0.028176568505215882,-0.00037079547590710137,-0.10002154872952242
669224,1759,-0.020684688107163385,-0.009918415084655968,-0.009924268302369256,-0.010760419804794133,0.34916445439135296,-0.027364694139553555,-0.000656361005554219,-0.1020290297900744
595777,1953,-0.017138419012862328,-0.00990436572479576,-0.009922731043502357,-0.007215687969359969,0.35408428866685976,-0.023387548480592536,-0.0005402151683536093,-0.10678761078496492
680700,769,-0.020376328666997737,-0.009915393418869017,-0.009920440596064834,-0.010455888070932904,0.2904778513516941,-0.025075229989764296,-0.00038441744817082826,-0.11109949731587421
605170,1242,-0.024109791321512426,-0.009896346840243452,-0.009907866432832027,-0.0142019248886804,0.32595482619967847,-0.02952315737876359,-0.0006129779376252296,-0.10632780869206328
545121,924,-0.008355882057975985,-0.009906515211603366,-0.009900357543201219,0.0015444754852252324,0.3240551399839236,-0.013719409537090797,-2.7023874053315807e-05,-0.10026091157564636
665828,974,-0.008770431722545819,-0.009901571216116158,-0.00989794104230816,0.0011275093197623402,0.35144791289769595,-0.015420932812998748,5.4429957175890947e-05,-0.0969486965006275
669261,1093,-0.0145799338784481,-0.009859218556264062,-0.009881884925051014,-0.004698048953397086,0.33553268505202855,-0.019805459242226136,-0.0008288090312493406,-0.10694453106879635
608596,140,-0.014197925444170133,-0.00985588557554537,-0.00986814543820106,-0.004329780005969072,0.33645608740244964,-0.01720372957913815,0.0006302789624881279,-0.10926878768490372
596117,435,-0.008955397851223708,-0.009842025522992435,-0.009859957711799644,0.0009045598605759362,0.3582087696794918,-0.0146970754048454,0.00022288474921132673,-0.10639215221874762
453568,1097,-0.008917794274221676,-0.009851800841925905,-0.0098577583497524,0.0009399640755307224,0.3886981405865264,-0.01639365838522549,-0.0004650518273332857,-0.09287929406356557
543939,124,-0.01895073126977074,-0.009843761763888884,-0.009851586792370904,-0.009099144477399837,0.3705115293342596,-0.025948479616067395,4.7320561967879364e-05,-0.11241331560245443
606192,2769,-0.014274369497962139,-0.009844296437824463,-0.009851087375284671,-0.004423282122677468,0.39668458802459977,-0.019096333742609536,-0.000702175220392174,-0.1008212804890915
656775,2107,-0.0026766977674767575,-0.009846383209135572,-0.009849275979362722,0.007172578211885965,0.3184519544575514,-0.008949202770279064,-0.0005646625083721684,-0.10664989003947817
665877,283,-0.01261895721495759,-0.00982226226378115,-0.00983901552980398,-0.0027799416851536124,0.2794030219322569,-0.018213890694455896,-7.5446349553517e-05,-0.10520683103194815
657077,1580,-0.018057587961051925,-0.009825673340623698,-0.009837451587622652,-0.008220136373429273,0.3726135483660281,-0.022961140294018544,-0.00032916026722506667,-0.10157390826927123
808982,1202,-0.027263139984019073,-0.009819625045459279,-0.009833110260776972,-0.017430029723242098,0.32092334104464965,-0.03310886122852717,-0.0007419613659853036,-0.10671580633966209
669304,790,-0.006577870919264089,-0.009823486162191709,-0.009818178481269086,0.0032403075620049955,0.39659065522306597,-0.01381494093003583,-0.00011366362928391133,-0.09742248289537622
605346,147,-0.007757921782536671,-0.009831143251994301,-0.009815079867478177,0.002057158084941506,0.3622924628523844,-0.011649293740115344,0.00039497789577131766,-0.09542609007802207
672761,1488,-0.014763866873976962,-0.009805188128735924,-0.009813584382058892,-0.00495028249191807,0.3715486609373136,-0.02228064361067117,-0.00025524497539113305,-0.09244332307081965
689172,610,-0.01329983184170398,-0.0097999947730052,-0.009811891661849512,-0.003487940179854467,0.3828477373406393,-0.019472570034614927,-0.0006508788088429232,-0.09932086437369174
682515,73,-0.004185965009037609,-0.009809282821150008,-0.009801219934356896,0.0056152549253192865,0.3257094921628302,-0.011651070058784126,0.0004089163817450257,-0.09899092621152114
641432,387,-0.01975002725586416,-0.009797483086751718,-0.009801166101836028,-0.009948861154028132,0.32703666477741783,-0.026510312452976786,0.00043237323994523946,-0.10603130554024649
668670,1080,0.0029895305492745124,-0.00979977292049511,-0.009790661029384725,0.012780191578659237,0.3061267495971618,-0.001461926596390765,0.0002618081243512908,-0.10834536623535214
666023,1564,-0.02103940048807081,-0.009773761513873892,-0.009786783388410332,-0.011252617099660476,0.34413336951206025,-0.027612634909303324,-0.0006199346193044596,-0.10208854203064072
671289,1437,-0.034372110105674994,-0.009769746218758264,-0.009786380336033794,-0.0245857297696412,0.2952607299689628,-0.04041708819173546,-0.0002141766532715342,-0.10405113650738809
596146,2010,-0.020742600215692228,-0.009772835113766486,-0.009778027014707907,-0.010964573200984321,0.33547090656205697,-0.026886568864928413,-0.00026739203469744823,-0.10316085861547905
677870,427,-0.012421442492525657,-0.00977097943997515,-0.00977394834671229,-0.002647494145813367,0.35685321139883613,-0.01821555596840094,-0.0009380420622477497,-0.09760765071028349
672642,69,-0.0007851517069961935,-0.009762376691726988,-0.009772414330567592,0.008987262623571399,0.3409235083628683,-0.0033487470176632676,2.8613808430221616e-05,-0.11409460006491899
661388,2809,-0.007038840534588157,-0.00977309733860467,-0.009769865813987677,0.00273102527939952,0.3925081645197548,-0.012922097986443221,-0.0008420832933836853,-0.10461307075897554
691182,262,-0.012718977779484608,-0.009759534606460445,-0.00976511655452543,-0.002953861224959176,0.3585482317147431,-0.018025164260500836,-0.0011062180727447568,-0.10203868629169731
663698,971,-0.01895106380006596,-0.009751595645299975,-0.009764063510541508,-0.00918700028952445,0.39629993502339433,-0.02649112420746731,-0.0005872604758704723,-0.10124670428434714
665487,2315,-0.005456469893868451,-0.009765804818161987,-0.009761834661157643,0.004305364767289192,0.389721822503104,-0.009873425880453549,-0.0004078375701231871,-0.10267944119097655
658668,581,-0.005010037144459738,-0.009746044095754948,-0.009750759244664004,0.004740722100204266,0.3385530048119094,-0.00841703515472542,-0.0007672737862000819,-0.09866075281702812
687478,73,-0.009376589391874511,-0.00974103726450582,-0.00974277114132311,0.00036618174944859903,0.36213962542598216,-0.015547205179818346,-0.0025729369545213774,-0.11448891748833552
679529,2333,-0.019032472746160083,-0.009726697357609884,-0.009739274232743152,-0.009293198513416933,0.34535949684642486,-0.023646574401973545,-0.0004629818963266578,-0.11217925450261701
690993,1678,-0.016939928342687288,-0.009729017418083765,-0.0097355142007561,-0.007204414141931189,0.37633653266591655,-0.023232058692424368,-0.0003531208270742074,-0.10146543880570043
668731,481,-0.012550888353659884,-0.00973434890768728,-0.009735361347457403,-0.0028155270062024825,0.3934130558734057,-0.017848580506295435,0.0001622603691291887,-0.10253936059684125
676059,1627,-0.014841581592682512,-0.009720763903107714,-0.009732497763539872,-0.005109083829142641,0.3671743265651502,-0.019842843758037052,-0.00033976595011449805,-0.10180206284693133
695238,444,-0.0274278270847928,-0.009703755764269644,-0.00972239500673064,-0.017705432078062154,0.32273916726436735,-0.03431515228456344,-0.000523670922281313,-0.09688847028455075
687957,93,-0.02017093247652728,-0.009743470402594644,-0.009718391812783672,-0.010452540663743607,0.3200797015942816,-0.03079373438466756,-0.00020632209087244964,-0.08937460954200732
680574,1190,-0.012224118979189597,-0.009718752050931333,-0.00971727102959002,-0.002506847949599579,0.33904348007947926,-0.018410553900338154,0.0002144260310449585,-0.09902792097965943
689414,530,-0.016983800125030372,-0.009682071981483402,-0.00970758913165207,-0.007276210993378301,0.3198285982639341,-0.021684851109833966,-0.0008493016745667538,-0.11683409041610149
655316,916,-0.015774152667626738,-0.009683559635918833,-0.009699713413325978,-0.006074439254300759,0.36705634575048984,-0.020637253097162547,-0.0005120988860392245,-0.10947226789431866
592450,2539,-0.01400256021233197,-0.009695060295331315,-0.009696612553921822,-0.00430594765841015,0.3195645412603262,-0.017740835279586958,-0.0005176004248067027,-0.10069038528719819
676632,143,-0.024618834712019165,-0.009698156328645248,-0.009693817928346006,-0.014925016783673159,0.3365048700982549,-0.03068571464702452,1.880072803637644e-05,-0.11306473728763533
656541,389,-0.010731861027319914,-0.009688348061440068,-0.009692104798922558,-0.0010397562283973566,0.37313481318028674,-0.017720152269065814,-0.0013636241367867353,-0.09261602313155753
571745,803,-0.014054567519331668,-0.009685249578710592,-0.009691992327792762,-0.004362575191538908,0.404109812319782,-0.01992775431263165,-0.0007054321020527457,-0.10304722401328882
670223,332,-0.001775017979878132,-0.009677066315924618,-0.009684570614352564,0.007909552634474432,0.28298048453493724,-0.006958546069176523,-0.0003427346156491512,-0.09573910136701691
683011,2710,-0.009059243483044757,-0.009680614506857125,-0.009679469487009327,0.0006202260039645699,0.3724081058007203,-0.014281475752639362,3.9113121837733976e-05,-0.10252577386247753
608324,2196,-0.001596771174274161,-0.009684698504365588,-0.009677478889744467,0.008080707715470306,0.3371016526487179,-0.006043925321828493,-0.0004207101638646796,-0.11224946404960405
542932,552,-0.015584976871663072,-0.009678256942918101,-0.00967569774985912,-0.005909279121803952,0.35061947719516134,-0.020083261118327457,-0.0004568948123716728,-0.11290816010296821
686217,2025,-0.01373871883550884,-0.0096704113067917,-0.00967491439089251,-0.004063804444616329,0.32106307403139006,-0.01954537570253499,-0.0004675013267008192,-0.10182429257890445
680869,1691,-0.005755350508345513,-0.009672221153800755,-0.009673602394777858,0.003918251886432346,0.3537911672225935,-0.010667671535285292,-0.0004537359270776836,-0.10629090498002915
676701,355,-0.0128356825436236,-0.009661232815079792,-0.009672372704155096,-0.0031633098394685034,0.37674274322695955,-0.01617299010596149,-0.00013088886979641714,-0.10574577682469335
682729,299,-0.024347268785405694,-0.009634940793088742,-0.009664362972944015,-0.01468290581246168,0.3342394086068018,-0.031187337871708257,-0.00045119150362892186,-0.0979606231291229
663886,1588,-0.02049265574330086,-0.009655628681900858,-0.009661411727976462,-0.0108312440153244,0.30308277240622,-0.026445747088411697,-0.00038234077167857076,-0.10753433281750437
573262,1978,-0.002376533909876226,-0.009660411461071262,-0.009659826714067074,0.007283292804190849,0.3146574553825524,-0.008588165470600704,-0.0003154789311406181,-0.103482986957276
592273,971,-0.016028117358348346,-0.009645877611557203,-0.009648968967113945,-0.006379148391234402,0.34939916554557343,-0.020654973371376478,-0.00018618885169151479,-0.09736208697203753
660766,517,-0.019976971582132488,-0.009610072742692242,-0.009641505940641606,-0.010335465641490882,0.386036603780618,-0.027068937033205946,-6.480708546241081e-05,-0.0885369733051227
656976,712,-0.012567428986789692,-0.00963234594856644,-0.009640040123121696,-0.0029273888636679956,0.3563549536520413,-0.01895220500648602,-0.0010759934761587063,-0.10591142234669762
650402,2683,-0.007829329543113215,-0.009630709427816419,-0.00963971854633164,0.0018103890032184252,0.36629431415504243,-0.013144014863812578,-0.0005969531936171885,-0.11241926968706448
677951,2956,-0.014609272419833973,-0.0096387860374253,-0.009639432833817806,-0.004969839586016167,0.3664366616679847,-0.021257705879314356,-0.00055681125726253,-0.09436010199721176
672744,537,-0.01889211094927098,-0.00962665507752308,-0.009636948454901099,-0.009255162494369884,0.3677694491116847,-0.023273715038197803,0.0006230936371257067,-0.10187357012516006
670770,1888,-0.003392695757455962,-0.009624582887740095,-0.009628306548828935,0.006235610791372973,0.3225808823753468,-0.00884344888430784,-0.0002736012643471882,-0.11037339265767208
668715,2628,-0.006749448735163977,-0.009627977761566075,-0.009627836500962463,0.0028783877657984863,0.3512834122274366,-0.012390163678357411,-1.475421398790935e-05,-0.10517640669367538
592885,2077,-0.028604885638603157,-0.009612170606308977,-0.009625990662530922,-0.018978894976072237,0.3112931561557008,-0.03477339769002428,-0.001058408108602429,-0.10066702080855365
696285,1467,-0.003732140507343989,-0.009626764560784836,-0.009623996891727637,0.005891856384383649,0.32833189273210633,-0.008594763125847102,-6.0307949588346036e-05,-0.10638991114061186
677588,672,-0.016937556249984918,-0.009622203770221507,-0.00962278287732897,-0.007314773372655948,0.39512570224244487,-0.026276069407855134,-0.00037071709412589404,-0.09344581922685267
694671,1845,-0.014876313826652231,-0.009608479293917508,-0.009615169844521607,-0.005261143982130624,0.34607632164072033,-0.021892057620034697,-0.0003611276015214171,-0.10283778401128678
669397,1109,-0.008922909670854745,-0.009600037029367512,-0.009601234727151839,0.0006783250562970933,0.35862852414475094,-0.012268652683093188,-0.00014321294989422338,-0.11464876740680788
671213,925,-0.012861368410381586,-0.009596903949550494,-0.009599455050327842,-0.0032619133600537446,0.3098936641557632,-0.016303837051311144,-0.0005306320075618253,-0.10501978505395956
677347,416,-0.033204351674130377,-0.009585598021339375,-0.009598632493143088,-0.02360571918098729,0.2731118398025234,-0.038047193958893014,-8.613929955407057e-06,-0.10144475289932342
673490,1394,-0.009919690830658124,-0.009600606131565414,-0.009595378494655757,-0.0003243123360023676,0.3333972708962713,-0.013529661809096783,0.00014499233089656572,-0.10889784703202555
670224,429,-0.0035603882719978577,-0.00958735830197886,-0.009593364222062613,0.0060329759500647555,0.3074728759987279,-0.010187003669291003,-0.0010764042543382527,-0.09084807789888195
641511,142,-0.02597107186730389,-0.009577402462503602,-0.009592935685296343,-0.01637813618200755,0.31577303314889504,-0.030952201358729843,-0.0004923123309378451,-0.11538837997407482
690924,206,-0.0048117278247736045,-0.009574383389643597,-0.009579591084839632,0.004767863260066028,0.29575490695924156,-0.007151657438146056,0.0007778567381771625,-0.10927253521374213
802415,658,-0.022305786824237697,-0.009555307109324458,-0.009564666481115444,-0.012741120343122251,0.33325702809040364,-0.025165131867362203,9.407992426228976e-05,-0.10644766054666345
572204,157,-0.01476395395003745,-0.00954861569262357,-0.009549954274389509,-0.005213999675647941,0.35250395161114634,-0.021998051804647974,-0.0012749568610644485,-0.11264191417796283
681146,606,0.0009734571421480267,-0.009559923625701338,-0.009548033563607002,0.01052149070575503,0.3102546020541336,-0.004274326073251346,-2.6230239343058317e-06,-0.10474833581063286
643217,2130,-0.008033447332808407,-0.009544199861264292,-0.009543651314499742,0.0015102039816913358,0.3808748321844816,-0.01381514904785513,-0.00023664385944515006,-0.10562903565558633
592192,1327,-0.00590088195739099,-0.00954643169210601,-0.00954313301777151,0.003642251060380521,0.31997670392622807,-0.009857416686360617,-0.0004830690712214369,-0.1044060450145578
683766,318,-0.006311898346601751,-0.009539867840709114,-0.009533807625525453,0.0032219092789237016,0.33794586566921175,-0.010028617162301164,9.799484319505342e-05,-0.1064439369099034
671221,860,-0.02179522023264469,-0.009512498371566697,-0.009525057964322518,-0.012270162268322173,0.32316065025401114,-0.028063146086826675,-0.0005454103389815994,-0.09999901482991339
687093,201,-0.020097757806534715,-0.009516154599491606,-0.009520794249924979,-0.010576963556609736,0.3426637541838688,-0.026729548733251403,-0.0012172854313586199,-0.0988884948333374
805779,913,-0.025719337999085618,-0.009499365616250859,-0.009519504174874238,-0.01619983382421138,0.31924805830416786,-0.029436985233272827,9.059467226399554e-05,-0.10737334226215133
679845,647,-0.015249376513887492,-0.00947306983049058,-0.009519037121789383,-0.005730339392098107,0.32087317669126275,-0.02025034682242811,-0.0003812858245415469,-0.11095627029850012
669701,2149,-0.0230389304002627,-0.009497542532349076,-0.009511411213699247,-0.013527519186563456,0.3162872249637762,-0.027890444149339146,-0.00029861492251373706,-0.10605456338417513
670242,1580,-0.00132654244124338,-0.009503554307904671,-0.009510283168477336,0.008183740727233957,0.2899223933200581,-0.005150619549301575,-0.0005603068221252741,-0.1015310662145159
681584,121,-0.0077205749729558504,-0.009508044034747814,-0.009508499766730736,0.0017879247937748852,0.35476675088213955,-0.010899897209256658,0.00015038072010608742,-0.11650821339007959
630105,2200,-0.015387261161814892,-0.009491654225542507,-0.009502767251066366,-0.005884493910748525,0.36322928435142565,-0.02131660558378627,-0.0004331849043965469,-0.1050642015266214
669257,2065,-0.016379405793815378,-0.00949109791262185,-0.009493336740916205,-0.006886069052899173,0.3405151975410331,-0.020920313836366288,-0.0004661413363471357,-0.10534847743099009
596142,779,-0.011363989270954555,-0.009455212922493343,-0.009460677179461238,-0.0019033120914933187,0.3730805596858614,-0.019170862142864113,-0.0003475230732955523,-0.0940942612772988
680577,187,-0.021109687266893787,-0.009447085013428303,-0.009457079471209757,-0.01165260779568403,0.3132230661305077,-0.02467378440962587,0.00041479640804440826,-0.10339823154973847
672569,208,-0.011046441760885891,-0.009436553357355744,-0.009454205864191146,-0.0015922358966947467,0.35270501885007915,-0.017190238574925066,0.0003776596177074659,-0.09435718816355892
687462,1459,-0.02279526253561916,-0.009437715343498892,-0.009453643345459714,-0.013341619190159448,0.32424841509760577,-0.027488318486030793,-0.00015218250627618176,-0.10255757379302906
571912,482,-0.010290662367636906,-0.009452686306231438,-0.00944937691342994,-0.000841285454206965,0.35184637030477206,-0.01561044242069477,0.00016338380078524968,-0.10813038786883572
605113,518,0.0006630121745094394,-0.009460518641116812,-0.009445217801114873,0.010108229975624312,0.2940110302879894,-0.003959186757401259,0.0008339795550285884,-0.09543594754028961
686452,242,-0.016180086827905744,-0.00940495494813018,-0.009436035416823791,-0.006744051411081953,0.3609772144215087,-0.02199089587573476,-0.0008311507795595872,-0.10068040931765343
691720,252,-0.01749589307463574,-0.009403727604258564,-0.009420959297456132,-0.008074933777179607,0.35537115548987175,-0.02133029836621655,-0.0008056330312294486,-0.10394301297595115
668939,2156,-0.01630721960265107,-0.009392678896114674,-0.00941639299997445,-0.006890826602676619,0.3350111573071918,-0.02300841463439788,-0.0002794267538992668,-0.09451652892851373
502671,2682,-0.010466631378763202,-0.009403877976048827,-0.009406177292678647,-0.0010604540860845546,0.37352722565452123,-0.015862246221497713,-0.0005049580382444249,-0.09969808361480463
702358,346,-0.02330801565289392,-0.009386000298851734,-0.009406086587633245,-0.013901929065260674,0.3004939782807591,-0.02948793114063782,0.0004504179676599417,-0.0994314271581151
595978,627,0.004347767360463816,-0.009401591622602018,-0.009397227200756543,0.01374499456122036,0.30156506771806785,-0.002850508325283786,0.0002157718404667585,-0.09742782996165306
690022,368,-0.013730711387557007,-0.009393770183882513,-0.00939716752378637,-0.004333543863770636,0.34052486560054834,-0.01790669333618088,7.117814682530845e-05,-0.09970509969156484
624428,1648,-0.013309006672691324,-0.00938701133257258,-0.009396516917594293,-0.003912489755097033,0.32557783506896254,-0.018593815677908618,-0.00011092833374288526,-0.10363672661573427
664702,757,-0.02295829445971166,-0.009399939110583634,-0.009395229602488795,-0.013563064857222865,0.3371604952083467,-0.027662658570105508,6.8317422950970394e-06,-0.10678857062550275
692216,241,-0.024344625120320484,-0.009353527484842857,-0.009394018878441948,-0.014950606241878533,0.35220108212794704,-0.030710809133544497,-0.0010276016877158011,-0.09879156998589693
683737,2019,-0.013931747047690483,-0.009376626834895374,-0.009385134015756387,-0.0045466130319340966,0.315733623181727,-0.020689588784225457,-0.0008562413860257524,-0.10697235165651398
664238,1397,-0.022047316578637427,-0.009356749329672997,-0.009378180236668742,-0.012669136341968684,0.31054221952270833,-0.025644435233171364,-3.3891586811892246e-06,-0.11197793172118743
670032,889,-0.005615471091267171,-0.009370804843811984,-0.00937486260159659,0.003759391510329419,0.3814482480547906,-0.011023417535954228,-0.0003089506785001209,-0.10600879597445183
672279,583,-0.013513482899562744,-0.00935937841987708,-0.00936307220667688,-0.0041504106928858635,0.38248284187539594,-0.01904314495052662,-0.000463838886480658,-0.1033683174488173
613564,58,-0.008257091679760662,-0.00935743170248751,-0.009361936215963887,0.0011048445362032255,0.30194812728326154,-0.009851090013485015,-0.0008100277450689054,-0.10023446971915914
664059,420,-0.02299573849960301,-0.009346447700202074,-0.009355868351725834,-0.013639870147877178,0.38415384170702066,-0.026692045135519205,-0.0008034654792540222,-0.1127915467459261
621035,1015,-0.026637141062949517,-0.009350405742037722,-0.00935383190709467,-0.017283309155854847,0.29782568672774007,-0.030505827889613896,-0.0008432604866709744,-0.11363405398653335
671083,141,-0.02312333291740611,-0.009347140547154515,-0.009351443983385789,-0.01377188893402032,0.28506667997899415,-0.027384193467381242,-0.0004963797485541756,-0.1101185481403641
682668,379,-0.015370252403871996,-0.00933527833704945,-0.009333438873550348,-0.006036813530321648,0.3048200276313729,-0.025303832392180314,-0.0009062018474836758,-0.0909679704919529
669707,1613,-0.01846205880006607,-0.00929836267459036,-0.009324212713049342,-0.009137846087016725,0.3414611204202939,-0.022644650347743465,-0.00034371099100610563,-0.10501958732824755
607461,101,-0.015401465358708136,-0.009325780526938925,-0.009323351197564033,-0.006078114161144104,0.38689784590759335,-0.01867173626454224,0.002212276396981794,-0.10561036137029786
663368,1010,-0.009423128107856851,-0.00931823964258258,-0.009319349047604175,-0.00010377906025267444,0.385077053664491,-0.013603726523070502,-0.0002798945001113797,-0.10643602052572741
663527,546,-0.01016114936645969,-0.009320465406776715,-0.009318812044310164,-0.0008423373221495265,0.4011987740367203,-0.014629631132014187,3.201398930266889e-05,-0.10528462932302864
702332,733,-0.00264644054178506,-0.009316459711558152,-0.009313759847369703,0.006667319305584644,0.3418830672234862,-0.0060882557427812635,0.00011339365695121633,-0.11653699920088996
457705,2050,-0.012555142164881005,-0.009292799587423498,-0.009306420994997544,-0.003248721169883461,0.3393967210843733,-0.016278257949720244,-0.00033284335372029864,-0.11534203553839496
664774,1301,-0.0168502844326187,-0.009291305993462706,-0.009305972110275692,-0.007544312322343009,0.29950748134987765,-0.022360630909973537,-0.00043504980124411057,-0.11408433237901483
672275,1975,-0.023564402583509874,-0.009294640960561795,-0.009302573455033464,-0.014261829128476409,0.3223520254589818,-0.029561431931468322,1.6950348301324724e-05,-0.10346359102376401
679822,108,-0.008099849132894023,-0.00930128286166204,-0.009300108140916315,0.0012002590080222907,0.3108080986219984,-0.013442921512438376,3.1350940764054355e-05,-0.10120519902572972
606466,2287,-0.014576062956516386,-0.009292280935115582,-0.009300015634579422,-0.005276047321936962,0.36735482580515577,-0.020584248829086275,-0.0005312957417346439,-0.10057127953049257
680474,1045,-0.013294417420204771,-0.009266669834606105,-0.009280228831992537,-0.004014188588212234,0.3836510894005518,-0.016752373462559374,-0.0007722042366609286,-0.11195935058501369
663330,320,0.0006234104525285586,-0.00927663636288134,-0.009279754181367644,0.009903164633896202,0.250769180326151,-0.004396174916575719,-0.0019086518955091052,-0.10843957637785509
700932,1199,-0.010876202580275636,-0.009243449572931302,-0.009250297783027906,-0.0016259047972477317,0.3801391922586315,-0.015947048633007443,-0.00043978353713444506,-0.10379170655984966
664314,336,-0.02085681191078506,-0.009237938518032621,-0.00924946145067499,-0.01160735046011007,0.3147457177596789,-0.026617692432398803,-0.0010954285412063819,-0.10651966496455456
608348,1360,-0.016336530970047513,-0.009221630700379206,-0.009228136434976206,-0.007108394535071306,0.3258233326878042,-0.0210194073721634,-0.0005288828980327619,-0.10638139405347669
642180,379,-0.017845458167318893,-0.00921782368950882,-0.009223675453376963,-0.00862178271394193,0.3629843361283518,-0.022755545796199282,0.00020339269400450002,-0.1048198206917584
605204,721,-0.004228700980217256,-0.009216296194625303,-0.009216035292624655,0.004987334312407399,0.3231470729440544,-0.008254102727137908,-0.0006981802455078158,-0.10710712505191256
687401,1602,-0.01839152272536439,-0.009209086050326717,-0.00921480768085002,-0.00917671504451437,0.35422316736860326,-0.02460468874591908,-9.439685045580059e-05,-0.09391953750165194
650333,2541,-0.018862844301810237,-0.009212094373639774,-0.009211490599884742,-0.009651353701925497,0.3149206292265684,-0.024928635417597458,-0.0002937346273507667,-0.09931592366714752
682617,193,-0.008788690668899637,-0.009205693259577595,-0.0092036919350221,0.0004150012661224619,0.4203205452056616,-0.013492073395133471,-0.00013244129072482037,-0.11580668825039103
666181,1461,-0.014465578714157379,-0.009178002233969397,-0.00919429494906085,-0.0052712837650965285,0.32293068413313103,-0.01773421579892502,-0.0005018409085808449,-0.10609109536528102
695600,130,-0.000172539915142186,-0.009181503918337454,-0.009181342711361477,0.00900880279621929,0.3071945421589022,-0.006035948427905776,-0.00014617049370661126,-0.10605958936407851
596103,802,-0.0333331590487202,-0.009165201482374104,-0.009175721963928804,-0.0241574370847914,0.2852244164488552,-0.03680178630151043,-0.000491429670601924,-0.10569315428965002
687363,882,-0.008897936367939794,-0.009158125207992227,-0.009174944195369645,0.00027700782742985284,0.347562527033408,-0.01463232237120464,-0.00028914433519395774,-0.11146932200935886
607043,2737,-0.01810521582635562,-0.009165221986513126,-0.009169506278239672,-0.008935709548115948,0.3860822330310291,-0.022482322269014362,-0.0003171451622088458,-0.10502030099988278
641857,2740,-0.022050871125837902,-0.009155752646655151,-0.009166951008581904,-0.012883920117255998,0.3533357624252867,-0.028850639136719845,-0.0006426675118975345,-0.10057512556189445
608336,590,0.01083483174956977,-0.009162686443595002,-0.009161416239543066,0.019996247989112835,0.24644146764230307,0.005373852832927203,-0.000806035638803376,-0.10360854596189047
694384,1900,-0.014965665569200377,-0.009138044453652468,-0.009148320784408576,-0.0058173447847918005,0.3065018710258639,-0.018973846217113597,-0.000297971495716268,-0.10416426654264212
543760,2586,-0.009390162587518786,-0.009142378046778766,-0.009147649220720797,-0.00024251336679798836,0.31938221325325017,-0.0145634954269338,-0.00036471397388348754,-0.11069529939318694
664023,2766,-0.016171069138218266,-0.009137174978649151,-0.009145537829688256,-0.0070255313085300095,0.3115465445876395,-0.020902298528867026,-0.00033435082957188766,-0.1078516630655976
666134,1653,-0.018600080766455886,-0.009109351609835531,-0.009139606896245179,-0.009460473870210706,0.35860526114883945,-0.025280429742121642,-0.0006735115991664698,-0.09424783809638101
643393,253,-0.018535361752723065,-0.00912485371934767,-0.009135420330479082,-0.009399941422243981,0.3657602817270097,-0.02343415577097233,-0.00023648141654958752,-0.11151814946722705
672515,1360,-0.017156762549443975,-0.00912392935756351,-0.009128685938050033,-0.008028076611393944,0.36018287057838083,-0.022776224750935367,0.0001250087624369047,-0.10271214541771198
694497,633,-0.031053557562773188,-0.00910725372292962,-0.009119168252336636,-0.021934389310436547,0.28681029949047265,-0.03371003851689389,-0.0006852458162062826,-0.1118316151629596
620443,737,-0.005947516284406569,-0.00911635956065294,-0.009109810913334931,0.003162294628928362,0.3654719674897277,-0.011170812405907263,-0.0002791525475804,-0.10434003563144895
666149,1098,-0.01770566243631036,-0.009090199900640876,-0.009101644850438597,-0.008604017585871763,0.348379483739069,-0.02264965838140664,-0.0006541245746373763,-0.09985053607265924
572761,302,-0.005065225325847124,-0.009096699887649978,-0.009100734116857807,0.004035508791010683,0.24180798466611395,-0.009338237551035397,-0.0004001533081420836,-0.10369534863757629
650490,2450,-0.008330042045107627,-0.009095199737448843,-0.009093368767330563,0.000763326722222936,0.3929926823838659,-0.012952015441813588,2.1017667367599997e-07,-0.10973323859657076
621020,2755,-0.009955738520551365,-0.009086162448076522,-0.009091178221685911,-0.0008645602988654551,0.3851279179221466,-0.014199397907111886,-0.00032845984384542276,-0.10850696922700086
668472,176,-0.027086060093687622,-0.009070768817823767,-0.009081956479006191,-0.018004103614681428,0.32717064468996004,-0.03364658036994203,-1.0167174828623757e-05,-0.08647335948538891
663656,1955,-0.017624187726038444,-0.009044838897566078,-0.009071942205643859,-0.008552245520394585,0.3438931407544592,-0.021549713140868305,-0.0005390937274753972,-0.1193106205652475
642020,159,-0.013354935971535824,-0.009111393431343859,-0.009068099100949037,-0.004286836870586786,0.37728566168048655,-0.018331936113663492,-0.0008385408033288697,-0.09167981202304744
621550,468,-0.0034500499054728913,-0.009066333043172566,-0.009061843199329924,0.005611793293857034,0.3475588206594645,-0.007413149150577075,-0.0004513209302696511,-0.10985103313185077
462101,289,-0.013940706567546276,-0.009081139910703941,-0.009048543059705627,-0.004892163507840649,0.385343573983566,-0.019168801705078883,-0.0004738478744807881,-0.10519574687644156
666158,1608,-0.004723852818604423,-0.009041398612069275,-0.009038956662980763,0.0043151038443763395,0.3029306473898822,-0.009902330393835689,-0.0003744305169715064,-0.10834429073285094
805367,737,-0.007603293965046489,-0.009039068818833502,-0.009030870031902163,0.0014275760668556745,0.34983771858506274,-0.01266043355941804,-6.307141046448797e-05,-0.10642871801558992
541645,153,-0.02514028424736611,-0.009008388917601891,-0.00902385717141637,-0.016116427075949742,0.27315653021593056,-0.033971625728467514,-0.0011090405407594146,-0.08087480938313196
678489,171,-0.0008568424714026126,-0.00900687424969462,-0.00901148279299689,0.008154640321594277,0.3135637738341282,-0.0089779845425981,0.0008165286846105023,-0.0909169635805176
656305,2291,-0.0037839991500124804,-0.009012551315703774,-0.009000242612202232,0.005216243462189752,0.3602420881654456,-0.008945579498456467,-0.0004205100994738467,-0.10476466021546889
673548,2419,-0.01684242493967444,-0.0089881050810013,-0.0089979306009662,-0.00784449433870824,0.39481894166868087,-0.023179805024264036,0.00011774006843383001,-0.10633606779243245
641487,2254,-0.024984993380047848,-0.008964856882348052,-0.008975936191381933,-0.016009057188665913,0.31744760194540694,-0.030674749058226366,-0.0005187507277148328,-0.11254576181102517
624414,58,-0.011039177940129794,-0.008992936807494932,-0.008974480333134615,-0.0020646976069951775,0.34032228714426316,-0.014792879734965547,0.00035068981335977027,-0.09996449744444104
605141,1976,-0.017272762453645646,-0.008961374341776764,-0.00896953180459659,-0.008303230649049054,0.3276227324194372,-0.022164591755697786,-9.558961161723107e-06,-0.11359524189503975
664901,334,-0.010416405422555355,-0.008967619129593034,-0.008968387368885012,-0.0014480180536703437,0.3460742193765028,-0.014519219881543567,6.550735952905869e-05,-0.10634101172044057
663993,2629,-0.007790900044487074,-0.00897127890702868,-0.00895823355984711,0.0011673335153600383,0.3711591637001892,-0.014261805027129173,-0.0002952798154132676,-0.09654519649942853
683021,276,-0.023830338779288408,-0.008954504857049142,-0.008956810876831698,-0.014873527902456713,0.2971196851785545,-0.028856739744095534,0.000248394883200598,-0.10765571340410217
672640,1677,-0.0014210564044435155,-0.008954168396554659,-0.008947085650915601,0.007526029246472085,0.3510283823559485,-0.00625486665939917,0.000346522068741995,-0.10312930243836223
641598,1442,-0.006224931483062301,-0.008946201478933954,-0.00894350985250045,0.002718578369438148,0.36649620652064496,-0.010875263743120736,-0.0005374454477007552,-0.10819922731359828
641658,669,-0.013294417360580367,-0.008927601068360717,-0.008939962703752424,-0.004354454656827943,0.3361808989927861,-0.01816254923251894,-0.0003031495549837441,-0.10471662921738883
687597,1348,-0.01813557515717048,-0.008931423697825855,-0.008932250106146598,-0.009203325051023878,0.33294496593195655,-0.02494748248884866,0.0003847428578256322,-0.09170844045992761
669004,1488,-0.01110644874008461,-0.008919132180901884,-0.008926051758483796,-0.002180396981600813,0.34306463556873434,-0.01770586379823203,-0.0003679673747172084,-0.10034643078680322
668930,2518,-0.023412598257716754,-0.008910221634970043,-0.008916935222172493,-0.01449566303554426,0.3594240215993707,-0.027841062152941378,3.643051698607392e-05,-0.1028623994834421
608701,999,-0.0037337645197630955,-0.008921835142952549,-0.008914304638404376,0.00518054011864128,0.3571801752460077,-0.007438946210445742,-0.0005502902959161948,-0.1100285278806034
670231,282,0.0005095973401765787,-0.00891835383149594,-0.008908335040324396,0.009417932380500975,0.3383829486037908,-0.007298225728376037,-0.0002985969468328727,-0.09368866834026707
680911,180,-0.019658753531950166,-0.008889452000291702,-0.008900110691372701,-0.010758642840577462,0.34353472402937635,-0.025696430322108485,-0.00023797927796647078,-0.09211302777890282
670156,474,-0.015214748315864004,-0.008885881446625518,-0.008899912777233983,-0.006314835538630019,0.3454820727650396,-0.020905759517783114,-0.00035513220702148055,-0.10999858222487825
623520,87,-0.020772862755209776,-0.008891158819940674,-0.008896826598212752,-0.011876036156997024,0.33814208379711874,-0.02361004851018506,-0.00026993548924797873,-0.09948027575303883
545361,1113,-0.021399830304299865,-0.008870571323115256,-0.00887623222624865,-0.012523598078051215,0.30696700999324383,-0.02744038486268741,-0.0002603887602862647,-0.10434138449493573
669234,611,-0.01072910944014861,-0.00885878111488665,-0.008861927245192004,-0.0018671821949566058,0.2869275226788178,-0.013648682520629585,-0.0005108194105560124,-0.11309434992739201
643376,1194,0.004138406379295653,-0.008855280421121511,-0.00885363643706414,0.012992042816359793,0.30100266809278464,-0.0011156736116583257,-0.0003114914190821201,-0.11273507559171375
488726,83,-0.005841146648248011,-0.008814513274550637,-0.008839298428109385,0.002998151779861374,0.34649393786528937,-0.009163918716238312,-0.000813874311829962,-0.10489542858296494
672695,1917,-0.01638632129858546,-0.008830235227472756,-0.008834305318119037,-0.007552015980466423,0.29185338140473477,-0.0202565752371028,-0.0002842900844849262,-0.1118570266258073
605131,455,-0.009805310387700895,-0.00880746024555852,-0.008807083545081912,-0.0009982268426189831,0.34124865003318766,-0.013449554198986243,-0.0004110303701273294,-0.12503797509974418
656413,563,-0.006796406330963087,-0.008793751437603244,-0.008790369887725349,0.0019939635567622614,0.3076801484812087,-0.011676776932666043,-0.0006748236208773624,-0.11266224632581387
656582,1072,-0.008796388909224902,-0.008743783133824382,-0.008775927912062899,-2.0460997162003712e-05,0.31820572365707545,-0.014595161748283405,-0.00019230012737176874,-0.1125543220398213
657041,1485,-0.0007195115436784307,-0.00876853034814212,-0.008766252896755729,0.008046741353077296,0.32290852824238286,-0.007002225642179558,-0.0002795176989375399,-0.1088779983569671
807799,1362,-0.0167354417583865,-0.008738799367100532,-0.008765752489674601,-0.007969689268711899,0.3454248811570055,-0.021719491423936556,-0.0001779471718917814,-0.10579364841633238
643565,1705,-0.025386494392989775,-0.008744281589401161,-0.008761477866025977,-0.0166250165269638,0.30967686083793905,-0.029850126615449862,-0.0004485105633935714,-0.10981200189811502
687221,243,-0.00636587780066542,-0.00872191776548358,-0.008750611727057534,0.002384733926392116,0.37655943955134646,-0.010653126238381723,-0.0009858967318983603,-0.11796438844821218
678246,1430,-0.002349330481697481,-0.00872267221436791,-0.00872298596078919,0.0063736554790917105,0.2693277481614322,-0.007138279737921509,-0.0005895397071589127,-0.11262248513265251
668942,1363,-0.013172323024283377,-0.00870852922779102,-0.008718038544186686,-0.00445428448009669,0.3656149997338433,-0.017709686229313588,-0.0002841803520314923,-0.10919671926890065
608671,578,-0.03472829490424066,-0.008697446408406287,-0.008699336356622829,-0.02602895854761783,0.25221393871113224,-0.036849175674331075,1.5077661916777226e-06,-0.11130523834364359
668845,271,-0.027314286972722163,-0.00867528234775513,-0.008695137918798264,-0.0186191490539239,0.32784333920647973,-0.03613881929863411,-0.0010436217589378728,-0.08480721741498658
676914,1309,4.774014722465789e-05,-0.008690271626811477,-0.008693691002399502,0.00874143114962416,0.263161439028843,-0.0059396357491609385,-0.0006295881009286821,-0.10836152076637307
667472,747,0.006209844945737701,-0.008689881972611445,-0.008681757277231666,0.014891602222969367,0.2922642661789506,0.0033267557124361836,0.0005468543318690073,-0.09993848000290849
543807,2513,-0.012341286632860222,-0.008664798050568098,-0.00867644897800578,-0.0036648376548544435,0.3491038177463419,-0.01548315151151974,-0.0005381473737345293,-0.10851016637919463
649557,277,-0.010312393342436624,-0.008646401322474717,-0.008644515897163635,-0.001667877445272988,0.3525734615622301,-0.014068668091611301,0.00012368620511278632,-0.10455075656146216
502054,1803,-0.011086668483747647,-0.008638758221784646,-0.008640787928156169,-0.0024458805555914774,0.3504910937148815,-0.014912773545975463,-0.00027297895978263786,-0.11062469596268196
692225,416,-0.015123576964005025,-0.008637732218093216,-0.008637867500546645,-0.006485709463458379,0.33811061357709976,-0.019647979658375708,-0.0003576293916216216,-0.10413397850934883
669288,101,-0.006463991698270372,-0.008633575101362506,-0.008635774939128416,0.0021717832408580436,0.3211460213755562,-0.01774362166119075,-0.0008541509674870458,-0.08573224206447788
669289,1373,-0.02647427530427609,-0.008584656716755313,-0.008619322676044627,-0.01785495262823146,0.2882028240549271,-0.031160842071477433,0.00024073132545705516,-0.10488910755716419
663662,402,-0.02823856475093147,-0.00858076088273028,-0.0086042826660839,-0.01963428208484757,0.30620193796229744,-0.030898701036543352,0.0008756723962393536,-0.11042665921392891
656555,1375,0.0002919364729115785,-0.008600823962039901,-0.008602531796582342,0.008894468269493921,0.3132907190516686,-0.004169174057074825,-8.374093628145325e-05,-0.10408972652527052
808975,316,-0.028924454750477297,-0.008557324095706236,-0.00856888500437513,-0.02035556974610217,0.31808981756810784,-0.033147343645469105,0.0013272763085230167,-0.0968197241795357
666185,1028,-0.020176667217835783,-0.008562207726332522,-0.008566053824169894,-0.01161061339366589,0.32151440588355223,-0.024215954954420766,-0.0006571658104867104,-0.10691433577312363
668709,1747,-0.004240064336005027,-0.008556040773965745,-0.008558845956033057,0.0043187816200280305,0.3234134910110484,-0.010825719669253995,-0.00018356018321482036,-0.1059244047849857
680977,1859,-0.0021583241438429546,-0.008562440662370665,-0.008555745988832915,0.00639742184498996,0.28966043072858366,-0.006982151989663056,-0.000300063879929273,-0.10641181108413117
680757,2175,-0.031345362528348825,-0.008550372242651082,-0.008553403252553953,-0.02279195927579487,0.2570793074197231,-0.03609879507971485,-4.751572209581698e-05,-0.10940160063663268
668885,626,-0.03159880916470422,-0.008527086395743528,-0.008538581005380469,-0.02306022815932375,0.26187288194043157,-0.03547256684787608,-0.00020434338348111972,-0.1200638334607382
641555,155,-0.010732733977535065,-0.008538548281892546,-0.008534036487243706,-0.0021986974902913604,0.3211626858119459,-0.01469384126795914,-0.0015503552694998961,-0.10354320258291906
676116,517,-0.01693266199639848,-0.008495147599244017,-0.008527903539576068,-0.008404758456822412,0.3119345914743211,-0.022606180369902355,-0.000581086352148287,-0.11108047572220442
686554,213,-0.009714753597896688,-0.008501359308072448,-0.008504047935770679,-0.0012107056621260086,0.26920650120459105,-0.016505610841739113,-0.0004597576932323773,-0.11264902059706347
543685,331,-0.01872708737815115,-0.008484918236838694,-0.008500801128613117,-0.010226286249538032,0.33931176311914396,-0.021620737310911863,-0.0002179830730433946,-0.117066258601239
661531,110,-0.010258992023257998,-0.008484266363687801,-0.008483385619811133,-0.0017756064034468659,0.356111008671567,-0.015261671723846008,0.00011557479573648232,-0.09789048055506612
607732,894,-0.012314031403829737,-0.00845872429252398,-0.008477095860841203,-0.0038369355429885357,0.3824446303218613,-0.017384449998013484,-0.000703802012537903,-0.10253173369933871
676439,209,-0.014162690818026851,-0.008452176095912436,-0.008474218646300682,-0.005688472171726171,0.36349865472300935,-0.0195352334278773,0.00021506177654452408,-0.10609481868980294
670764,1097,-0.005732624386114917,-0.008460441653935124,-0.00846769227362131,0.0027350678875063946,0.3041767618620864,-0.010339588249704634,1.5760206205592093e-05,-0.11210906237114493
701350,444,-0.007855998891769439,-0.008430588937378978,-0.008451714491618143,0.0005957155998487032,0.3875730174747807,-0.014657109345167807,-0.0012229888771436253,-0.09773743471629952
668723,132,-0.024316560807178367,-0.00844504329141372,-0.008449215794841678,-0.01586734501233669,0.30862220083973363,-0.03259890525937311,-0.0001401354255434431,-0.09183238043528351
700250,1148,-0.013439268939964737,-0.008436731855910004,-0.008444027820748927,-0.004995241119215811,0.32231423200363446,-0.01696031354456919,-0.0007665760632544811,-0.10785277305391415
677551,177,-0.013104778546097658,-0.008356281048561771,-0.008364445464516593,-0.0047403330815810624,0.36061227353741077,-0.01830818418115204,1.0946708869814972e-05,-0.10602894910608034
605361,594,-0.006946890141541738,-0.008345606869053635,-0.00834864050843105,0.001401750366889311,0.3835869649226903,-0.01305436677328963,-0.00031570522451496397,-0.10309011698680594
663457,1743,-0.006733718990376524,-0.008304729493616773,-0.008314211957565576,0.0015804929671890506,0.3465438615084573,-0.01095698524881099,-0.000467046529124478,-0.10904127573671146
669003,508,-0.021664447434552064,-0.008287048405236313,-0.008294311042173062,-0.013370136392379006,0.2914399948347317,-0.026746771361622925,-0.0005418397416912488,-0.10381558741932403
686555,755,-0.02335433898029915,-0.008283504934834554,-0.008288066724202858,-0.01506627225609629,0.3305012450703564,-0.027070402026368415,-0.0009127440240642871,-0.12014840737198056
676113,137,-0.02960507412993882,-0.008227166105396458,-0.008269292281021193,-0.021335781848917625,0.2530169966374067,-0.033900159951225126,-0.0003689618117168517,-0.11754912529546953
665742,2366,-0.00014348143600369912,-0.008261381950065658,-0.008258255589119865,0.008114774153116164,0.31798548725398307,-0.006919467193253662,-0.00036493916931850393,-0.1131220678802033
458015,283,-0.007750596906506348,-0.008225686660902367,-0.008241330307959222,0.0004907334014528741,0.38823811912202405,-0.011953393214991956,-0.0006250696857909507,-0.11379988575960265
673995,85,-0.01556938578180181,-0.008202336743741937,-0.008227920551223103,-0.007341465230578706,0.37927470601602536,-0.021910597123388525,0.0007091010737045445,-0.10536016369872409
669722,82,-0.017359551829490342,-0.008224326049674364,-0.008224964753457905,-0.009134587076032433,0.3358301108809374,-0.020725303366349014,-0.0007811336632099315,-0.11512763144643581
700337,699,-0.013003906950439426,-0.008222261679700412,-0.008217202462542362,-0.004786704487897062,0.38344746267449964,-0.017845308784482636,-0.0006331767638185329,-0.11487531051848862
682177,1117,-0.008583913253461408,-0.008187403911784559,-0.00820550531611931,-0.00037840793734209726,0.34091692361820153,-0.014571364474167937,-0.0007584522881201822,-0.10473551311461828
699625,98,-0.0013165991115961309,-0.008195461695735448,-0.008204617104622485,0.0068880179930263545,0.22985743984176848,-0.004085827728168501,0.0012293938659623982,-0.10901801518521193
660844,275,-0.012097360541337698,-0.008199259697806357,-0.00820078619151753,-0.003896574349820168,0.2647401284541887,-0.01550408450179181,-0.0007615864316094134,-0.13003477717408296
663757,1475,0.0050883221040388575,-0.008093130959155374,-0.008097900124165528,0.013186222228204387,0.26256773958125007,0.001511412545213572,-0.0005383881988272568,-0.11380242908039095
691783,168,-0.004322950370170215,-0.008087814448982836,-0.008083954761528182,0.0037610043913579674,0.24316825698808694,-0.011214227480711703,0.0005419585602123775,-0.10212260021463328
645444,570,-0.007596240416258195,-0.00806784381557187,-0.008082026556142893,0.00048578613988469735,0.3388897033895766,-0.012488302079085493,-0.0005240806889634658,-0.11093969838945669
702284,422,0.004612840596149104,-0.008074178352647532,-0.008061082741309272,0.012673923337458376,0.3084944668230271,-0.0017817886626521708,-0.0009682621527216939,-0.10464149678765985
807712,275,-0.021677179608690155,-0.008033618085744203,-0.008048273380364145,-0.013628906228326009,0.267637986881225,-0.02721626283328116,-0.0004628285337579861,-0.1072979090914729
669222,611,-0.00961660384094618,-0.008027840577161412,-0.008026905843730265,-0.0015896979972159161,0.3702358234617733,-0.014294444228887667,0.00030653868302213914,-0.10758894410176405
677941,156,-0.014350756091470728,-0.008015829262042288,-0.008018410848120982,-0.006332345243349748,0.35920530259544975,-0.017699361111123725,-0.0006143433404575714,-0.10433607070161727
672580,2327,-0.012058713004234804,-0.008014065432468676,-0.00801316083244421,-0.004045552171790594,0.36275224299829467,-0.016861776056838303,-0.00045237372624199195,-0.10457640632032242
641343,1233,-0.010247413122938245,-0.007976217440037616,-0.007984184176654072,-0.0022632289462841725,0.2863803800992576,-0.014495745739414888,-5.8544924103342446e-05,-0.11201385324968903
681962,193,-0.012789310426425615,-0.007981417627153445,-0.007983426098673644,-0.004805884327751972,0.31199145607042444,-0.01590497809992931,0.0003272877849801926,-0.11107763473070642
678011,100,-0.010346943427282039,-0.007946293114293915,-0.007939417633234238,-0.0024075257940478012,0.3593089309798485,-0.014730606734585216,-0.00041094795801686445,-0.11992896920965695
666397,1117,-0.02102997894112233,-0.007927761104450844,-0.007930485555034538,-0.013099493386087794,0.3071062180994999,-0.025803259949994883,-0.0003934007651304486,-0.11462456528832068
671284,138,-0.021922659782180675,-0.007909333195272721,-0.007917829628723814,-0.014004830153456861,0.3087190401654663,-0.02554310958071634,0.0002967861505184604,-0.09004837684171493
691728,77,0.002263980963329031,-0.007886146201676582,-0.007881549755369225,0.010145530718698257,0.2631253917627431,-0.009404191595796375,-0.004046640911179863,-0.07680752426915351
621493,2037,-0.00880285897663392,-0.007862430279676761,-0.007869001235476071,-0.0009338577411578475,0.36496590533725154,-0.014204168448295047,8.792055281006657e-05,-0.1076484466575657
674441,134,-0.02332705909217556,-0.007840767757452445,-0.007851714836548607,-0.015475344255626952,0.28509351315559356,-0.027047904086903198,0.0007633265249731173,-0.11572409494196355
624415,670,-0.01254635030671969,-0.007805066149913787,-0.007823628077259255,-0.004722722229460435,0.28190378138202016,-0.015514995111898685,-0.0008379072682167876,-0.11434073365344774
622268,53,-0.018344632898796367,-0.007806027760531314,-0.007822832802787599,-0.010521800096008768,0.3427448461053696,-0.024375616655384815,-0.0010803461212248488,-0.11646116232229933
656248,334,-0.018909906562449702,-0.007817566660831448,-0.007821680402735474,-0.01108822615971423,0.3202225582158224,-0.02515621133516017,-0.0008257647630680387,-0.09974231816355203
543257,560,-0.009757438460068917,-0.007748054194815108,-0.007759173351360939,-0.001998265108707978,0.31101315795110496,-0.014672239914042992,-0.0001704428142331003,-0.11806488542307012
676070,195,-0.016765395768456228,-0.007682182409779862,-0.00768379673549914,-0.009081599032957088,0.2985368224391362,-0.02054314403876007,0.0006201725428038255,-0.10862940395795348
642197,83,-0.003893616443557059,-0.007679972587918066,-0.007673282726386309,0.00377966628282925,0.30576591872429415,-0.01498189443498276,-0.00046128584124141005,-0.08386668158100767
663697,1932,-0.010270767583534375,-0.007660131632536929,-0.007665803297800868,-0.0026049642857335067,0.3078909601583223,-0.014856684110730179,-0.00033408581197107146,-0.11161185374146901
592178,473,-0.00710325499484251,-0.0076298364177647985,-0.007634692351544006,0.0005314373567014963,0.34313689714683865,-0.015219704348141502,-0.0003809141659095371,-0.09017291301677637
642136,848,-0.008438783278488618,-0.007627329714287712,-0.007629319405893181,-0.0008094638725954362,0.3488753003860803,-0.011880756523983025,-0.0009749348656264025,-0.11164589520343347
657061,107,-0.016319296018562243,-0.007600224954941112,-0.007613439352664116,-0.008705856665898128,0.35967412645279556,-0.025030387920409982,-0.0003432830899156034,-0.10006444426392808
694359,196,-0.013469483723036638,-0.007530398202138377,-0.00753987464423768,-0.005929609078798958,0.28050827875513373,-0.01919459559752939,-0.0006125375632696418,-0.10171126805478295
608385,958,-0.01240419380368136,-0.007485796926801696,-0.0074896888257848,-0.00491450497789656,0.34719003277324506,-0.016646322616928663,-0.00048653760753705093,-0.11530852918429817
666152,791,-0.012935669880301688,-0.007478480686787044,-0.0074781461727434755,-0.005457523707558211,0.243924121998471,-0.017340409305474015,-0.0007096099099689393,-0.10695026509121616
668853,71,-0.01984456378052656,-0.007439881135667283,-0.007445646791315514,-0.012398916989211044,0.2549790471671215,-0.02300667128792256,-0.0011910047283878004,-0.12219594817996753
683083,275,-0.011072472968266201,-0.007261480729523542,-0.00726774657853747,-0.0038047263897287324,0.3184285078942273,-0.018291738388820578,-0.0004930906787202077,-0.10482455806919612
685133,81,-0.019845185102532397,-0.007178635029807922,-0.007184155623494711,-0.012661029479037685,0.29374804927424747,-0.02810668813774341,-0.0007791296073018744,-0.09723002857952275
669743,895,-0.00789771458951126,-0.007132643658626569,-0.007134097812998991,-0.000763616776512267,0.31197033711397376,-0.011766587279306595,0.00024532452205742604,-0.11070753539825172
642851,397,-0.020384261390949752,-0.007102374009110768,-0.007119545629940445,-0.013264715761009306,0.3108465626657861,-0.02230045185571982,-0.00014708434436231277,-0.10388098788671632
657088,78,-0.019739971634569805,-0.006977624495082595,-0.006989634287546222,-0.01275033734702358,0.3494142088374475,-0.026314842836784234,-0.001130792733428249,-0.09747123071030063
691785,245,-0.01580215992284017,-0.006882723027991775,-0.0069025856538771,-0.008899574268963067,0.28293404443475684,-0.020550847504741284,-0.00014973839582819957,-0.09966466405671777
678391,119,-0.019376244417378712,-0.006815897753736309,-0.006817569342252707,-0.012558675075126006,0.34174748972428887,-0.028140996287667606,-0.0008490754366494948,-0.10629452424938461
621433,101,-0.014886791469981947,-0.006760676729947398,-0.006765826551799022,-0.008120964918182925,0.28455203833920717,-0.017991221614866063,0.0012738100014042036,-0.10913690103641913
593934,152,-0.021514678346640566,-0.006615255948456834,-0.006625085270167609,-0.014889593076472956,0.33400776533382026,-0.03015725097101129,-0.0004105900136572645,-0.0981939549477534
664068,55,0.0014437294956660008,-0.0064803852230541,-0.006476772852979547,0.007920502348645548,0.28226349602042106,-0.0002598786888891137,-0.0008662309444359731,-0.08873768116260794
672012,117,-0.02349036967954357,-0.00631356794670524,-0.00632714718285515,-0.017163222496688422,0.33784999459778847,-0.027156316781442008,0.00027822618530326244,-0.10785854914484985
679881,90,0.0069090803356906035,-0.0062932127583363445,-0.006276985575193251,0.013186065910883853,0.3865164854196092,-0.0025472653270080434,-0.0011847134689229437,-0.09830999069353309
