pitcher_id,n_swings,mean_disruption_tax,mean_spatial_distortion_tax,mean_distortion_tax,mean_selection_tax,mean_distortion_share,mean_adjusted_disruption_tax,mean_miss_distortion_tax,mean_decision_cost
641427,53,-0.08525197743430242,-0.08021060672007373,-0.08063388957076863,-0.004618087863533793,0.7055718702779703,-0.08525197743430242,0.0004104625894295649,-0.1924116566775539
669145,55,-0.07066741991496561,-0.0802811425422098,-0.07987938586874979,0.009211965953784176,0.7322554025783926,-0.07066741991496561,-0.0006549317345254376,-0.1863717586791007
592254,52,-0.08320470162023114,-0.07728776687158409,-0.07733356124653105,-0.00587114037370008,0.7708147924489223,-0.08320470162023114,0.002479314283780433,-0.1791018317160392
641149,69,-0.08103175792810857,-0.07557369166314354,-0.07511164115704896,-0.005920116771059617,0.7771646127302227,-0.08103175792810857,-0.002723905046062349,-0.17437563296774594
691441,75,-0.07294007696455587,-0.07425437911892835,-0.07409217397819913,0.0011520970136432577,0.7286341502942215,-0.07294007696455587,-0.005160452158242057,-0.17281182424097635
607359,54,-0.08221613984222775,-0.07171154805926039,-0.07210434837971366,-0.010111791462514098,0.6904470013574449,-0.08221613984222775,-0.00364571060072893,-0.1731976128049795
695534,68,-0.07262059267868469,-0.07202602826902038,-0.07206593205577361,-0.0005546606229110824,0.7264757033340243,-0.07262059267868469,-0.003623150662382935,-0.17902634189566788
687003,65,-0.0770778444501998,-0.07203088799169458,-0.0719966967510241,-0.005081147699175688,0.7095563341326464,-0.0770778444501998,-0.006310945691661331,-0.18178746688045222
605335,58,-0.07540348630105344,-0.0706724658988699,-0.07060246336709113,-0.004801022933962319,0.7256640405046746,-0.07540348630105344,-0.0005215830116322185,-0.18476799781600206
660604,70,-0.07177390101147012,-0.07047674559825709,-0.0705201096902623,-0.0012537913212078173,0.7127084296020584,-0.07177390101147012,0.0008158067616176478,-0.1842986174253561
680729,74,-0.07549146673831383,-0.0684375915975813,-0.06871409928050132,-0.006777367457812516,0.7053069466121942,-0.07549146673831383,-0.0023752275968822994,-0.17800554693775555
622379,69,-0.07114700612660689,-0.067400618317022,-0.06719559871549038,-0.00395140741111651,0.7001857259707129,-0.07114700612660689,-0.0040230104734199105,-0.17688671150839802
656793,69,-0.0733484888908662,-0.06685266520545113,-0.06699918093948778,-0.006349307951378426,0.6745034316694924,-0.0733484888908662,-0.0022654760444532295,-0.16847217659383001
608648,79,-0.06381195882715628,-0.06483228924098138,-0.06485399346823754,0.0010420346410812626,0.7286597685897787,-0.06381195882715628,-0.001765252834499937,-0.16203098653172873
664079,72,-0.07361516301360334,-0.06465728259465527,-0.06440341267309102,-0.00921175034051232,0.7330639670835738,-0.07361516301360334,-0.00122747877624575,-0.17317025638119682
640454,53,-0.06189537420116172,-0.06446922909299499,-0.0643745144026439,0.0024791402014821768,0.7029960939083639,-0.06189537420116172,-0.0072390352436214915,-0.18760261962054503
681751,63,-0.06718299839395014,-0.064166340752799,-0.06400304364847055,-0.003179954745479574,0.7518163392465681,-0.06718299839395014,0.00041956528874147257,-0.1577608325577611
646241,60,-0.05993749762398655,-0.06405253462008746,-0.06378596667477841,0.003848469050791875,0.7067265853959307,-0.05993749762398655,-9.792732649468396e-05,-0.17335069933522954
607457,68,-0.07438529384201695,-0.06262464599913618,-0.06276669499570542,-0.011618598846311534,0.7217187006553657,-0.07438529384201695,-0.0013151308619762613,-0.1826904522058007
620982,63,-0.07207124508057866,-0.06234767144795165,-0.062192268980999894,-0.00987897609957877,0.6964625790937575,-0.07207124508057866,-0.0027629670216140806,-0.19169201110437017
684974,63,-0.06930608239140486,-0.06194185940240398,-0.062104100244625746,-0.0072019821467791,0.7322896048103876,-0.06930608239140486,-0.0022880530896809206,-0.18364899753419592
665734,73,-0.07256415656474759,-0.06197604996801704,-0.06202002615457282,-0.010544130410174761,0.7236645490181084,-0.07256415656474759,-0.004175002601316307,-0.17162069632298568
542947,79,-0.07301779484126139,-0.061789305803986186,-0.06180740980399953,-0.011210385037261857,0.7023258104953966,-0.07301779484126139,-0.0016257329942026828,-0.16549761770257668
657140,77,-0.06755804420972053,-0.061317125532877825,-0.06161568323238563,-0.005942360977334903,0.7304139054257838,-0.06755804420972053,0.0011585844464363734,-0.17881957071754306
571771,57,-0.0564024472373637,-0.06108439465747428,-0.061430668916205716,0.005028221678842023,0.5991465252319991,-0.0564024472373637,-0.0023794096590308788,-0.16631308481870344
697812,57,-0.0704242358929585,-0.060616116043820965,-0.06072451037210579,-0.00969972552085271,0.7185635594950167,-0.0704242358929585,-0.0018173561371633029,-0.1727186804463401
681916,75,-0.07313469023864384,-0.059742838208363055,-0.05978962073734625,-0.013345069501297593,0.6160036255586514,-0.07313469023864384,-0.0024172839285934097,-0.18173743915536128
621295,68,-0.0670744095404099,-0.059585935786193256,-0.05970513799732007,-0.0073692715430898285,0.6127422997594432,-0.0670744095404099,0.00031301312617918717,-0.1905652926705836
685116,68,-0.0585522068591486,-0.059837846110520516,-0.05943923523882087,0.0008870283796722727,0.678178200516841,-0.0585522068591486,-0.0012491191816960798,-0.1881490806920929
663558,76,-0.06659299626239089,-0.05939869366871566,-0.059302673504303016,-0.007290322758087858,0.6667028975034913,-0.06659299626239089,-0.002476975348160319,-0.16491880617250368
661383,62,-0.06222551465325555,-0.05932628847945833,-0.059203744704401685,-0.003021769948853859,0.7127811255244179,-0.06222551465325555,-0.0028375649674000853,-0.1653951700640293
650895,72,-0.061090761758247396,-0.059164693139535936,-0.059077723669675265,-0.0020130380885721375,0.726870205807069,-0.061090761758247396,-0.002639111920614372,-0.18041375103106908
679346,62,-0.06770827247410953,-0.05875863041977899,-0.058867818701193696,-0.008840453772915825,0.7060570475739284,-0.06770827247410953,-0.0010331473881019005,-0.1930868289167967
702056,81,-0.06647491979490902,-0.05781587813177817,-0.05800378967861039,-0.008471130116298629,0.7119297418903884,-0.06647491979490902,0.0004066059248035131,-0.1407972189035133
687014,90,-0.06501908361592139,-0.05782777380889513,-0.05788480574753296,-0.007134277868388438,0.6667873618378499,-0.06501908361592139,-0.003108360022286924,-0.16649752319466848
664948,86,-0.062171582795078256,-0.05743689094283176,-0.05747453908173666,-0.004697043713341593,0.6972737429733946,-0.062171582795078256,-0.002831822607480173,-0.18876616856038894
598264,85,-0.061934294944328165,-0.056850517409727915,-0.05683939997383124,-0.0050948949704969285,0.6553392581265345,-0.061934294944328165,-0.003958817776631052,-0.17667529943535976
801434,57,-0.06965490924844732,-0.05626539635246807,-0.05661134582210526,-0.013043563426342058,0.5763886359805113,-0.06965490924844732,-0.0060481810006232165,-0.16730301418064145
676742,63,-0.057462024818729494,-0.05652172102245599,-0.05644816939162937,-0.0010138554271001208,0.6852598092837852,-0.057462024818729494,-0.003329490090143691,-0.17283537212805913
656657,58,-0.05117018942495564,-0.05662812427202538,-0.0564399243827452,0.005269734957789552,0.6882426647790927,-0.05117018942495564,0.0008043410910065958,-0.15798961667330264
656266,62,-0.061861027632749574,-0.056099466727371955,-0.05629635932709041,-0.005564668305659161,0.6543097826786118,-0.061861027632749574,-0.002270767748751388,-0.1789165379267106
672552,79,-0.05659783428035543,-0.055811353874855606,-0.05600058022642609,-0.0005972540539293472,0.6707592781020388,-0.05659783428035543,-0.004220805408440904,-0.18487549235866962
592848,76,-0.05830982341982662,-0.05550088509527222,-0.055328154323720055,-0.002981669096106565,0.6734190795006152,-0.05830982341982662,-0.0003474967266360256,-0.14489316135418848
679883,89,-0.05678161512194865,-0.05506650798696109,-0.05508730409041975,-0.0016943110315288986,0.6144535649275708,-0.05678161512194865,-0.0011825650082277744,-0.16114939588933055
596057,94,-0.05556494493084325,-0.05461176731466168,-0.054706046177013454,-0.0008588987538297977,0.622571904317179,-0.05556494493084325,-0.003221939867053217,-0.15869417026157645
621368,88,-0.059551591446121814,-0.05445774423364857,-0.05450711517926046,-0.005044476266861359,0.6911809619918217,-0.059551591446121814,-0.002194948430253227,-0.15620544272785955
682967,73,-0.057788550123840134,-0.054497630220604554,-0.054456446223164735,-0.0033321039006754057,0.6607684330972972,-0.057788550123840134,-0.0020443060701555607,-0.15393188520236967
691594,84,-0.05378116686062232,-0.05426831651749771,-0.0542652928957779,0.0004841260351555811,0.5821586801014342,-0.05378116686062232,-0.0011851329816893754,-0.17173057990469448
502179,93,-0.05127456644060051,-0.05385545346020308,-0.053717047727148824,0.0024424812865483153,0.6816677888649302,-0.05127456644060051,0.00032346302775435493,-0.16547316362133302
656322,51,-0.056851300601865266,-0.05340961736915023,-0.05320230061351186,-0.0036489999883534026,0.6433273130693209,-0.056851300601865266,0.0008726408686016492,-0.1653062459541129
690382,61,-0.05534910835403107,-0.05266707798805572,-0.052462563516582655,-0.0028865448374484144,0.6301392579208785,-0.05534910835403107,-0.0009248811476147311,-0.18505232697818785
666154,117,-0.05795967043244027,-0.05145709124867689,-0.05136764516350859,-0.006592025268931669,0.6815118536471345,-0.05795967043244027,-0.00026423596050966094,-0.16158836459703865
681895,117,-0.05181961575188062,-0.051274760891574685,-0.05129812920901388,-0.0005214865428667306,0.610239973694984,-0.05181961575188062,-0.0008651070471285466,-0.15566680856915166
622766,101,-0.055950954556831044,-0.05110703284559086,-0.05118269271172439,-0.004768261845106647,0.674921694176628,-0.055950954556831044,-0.0037898329481551147,-0.15059780042664503
686228,98,-0.057130688001416484,-0.05090286040119902,-0.0508949958040283,-0.006235692197388185,0.692444969704962,-0.057130688001416484,-0.0018094124972087358,-0.16178434812247897
663752,62,-0.05126737409871393,-0.05078870065353933,-0.050868328440096346,-0.0003990456586175841,0.5747146951278674,-0.05126737409871393,-0.0014679723327324944,-0.18335048904305037
694851,109,-0.04937409612329979,-0.05077921506955285,-0.05074612751176831,0.001372031388468524,0.6175705270263799,-0.04937409612329979,-0.0021781993380147768,-0.1538844978889848
699911,67,-0.056431740146857166,-0.050556639220864716,-0.050628010138886584,-0.005803730007970585,0.6360275014704627,-0.056431740146857166,-0.0008345223103819171,-0.17179564973307787
669424,99,-0.05731459369701516,-0.05025102625873229,-0.050442462657800016,-0.00687213103921514,0.6560068974634623,-0.05785872599769966,-0.00037172816646682,-0.1638297393383868
571479,96,-0.04980236490843496,-0.050317073615425374,-0.05026638949672715,0.00046402458829217756,0.6797607345705826,-0.04980236490843496,-0.004641490165007923,-0.1430215260686945
682171,94,-0.05323652438346038,-0.05015116162327401,-0.05011299647956256,-0.0031235279038978278,0.7378435068645849,-0.05323652438346038,-0.0016842493725766669,-0.16196684554629234
650496,72,-0.058910256474698705,-0.05013205008447072,-0.04999612007951231,-0.008914136395186395,0.654644969359525,-0.058910256474698705,-0.0033491445774351597,-0.1527882005580451
592741,91,-0.044962884506783804,-0.04998508324101831,-0.04987718641493446,0.00491430190815065,0.6201043925127038,-0.046384662540477586,-0.002432062142382423,-0.13799882143124242
666659,92,-0.04884240514234679,-0.04915048164718838,-0.04916136923160486,0.00031896408925805687,0.7313421367787024,-0.04884240514234679,-0.0016286261011183986,-0.1453044320382571
669391,97,-0.045435852958832706,-0.048873059895046124,-0.048792413536883926,0.0033565605780512186,0.6646492508281896,-0.045435852958832706,0.0010538456140431304,-0.14794344298929282
678215,84,-0.05966927176128597,-0.04858261614837283,-0.048721195139687055,-0.010948076621598916,0.6655764450248214,-0.05966927176128597,0.00021335130773276388,-0.17799509379861783
805299,112,-0.06257423415068339,-0.04785686739115304,-0.047988039783934525,-0.014586194366748855,0.6156223283217762,-0.06257423415068339,-0.0011746011385687278,-0.17011644327268532
641386,90,-0.03918950692810859,-0.04789074507923096,-0.047794291254817496,0.008604784326708907,0.5538040543050821,-0.03918950692810859,-0.0019209572781683775,-0.14410714396712557
676969,99,-0.061538044169806495,-0.04739987872706475,-0.04749652840747316,-0.014041515762333326,0.6016482363971598,-0.061538044169806495,-0.0010381233047911161,-0.15936158512109452
642028,73,-0.0522930504518656,-0.04720840728150682,-0.04734224489692143,-0.004950805554944166,0.6396205281875054,-0.0522930504518656,-0.0013837887381452222,-0.1699346389277905
687209,74,-0.0474480984160963,-0.04740090114208926,-0.04729033306765722,-0.00015776534843907748,0.6216747604386668,-0.0474480984160963,0.0020289032223611988,-0.15839053722134583
669111,98,-0.04665553984904254,-0.04735818716110752,-0.04723021582619813,0.0005746759771555892,0.6926449445334768,-0.04821144743764866,0.002321864804288582,-0.13380595608504448
641726,105,-0.05283661000454472,-0.047255428502728944,-0.04723000789725005,-0.005606602107294665,0.6033616563997987,-0.05283661000454472,-0.0022266717969209398,-0.15867587066684885
666120,83,-0.044776169827535565,-0.04703713793526027,-0.047220325382343484,0.00244415555480792,0.5561774157836105,-0.044776169827535565,0.0002473870990881206,-0.15391952560469194
674384,98,-0.05306669274064744,-0.046990109083954165,-0.04702021622589582,-0.006046476514751611,0.6590175183787551,-0.05306669274064744,-0.004087106042123206,-0.14863587613677612
595897,94,-0.048496497235502166,-0.04709068159716768,-0.047004798888104146,-0.001491698347398017,0.5997417857872082,-0.048496497235502166,-0.000764750565248534,-0.14977581712713653
502083,64,-0.05160799101457563,-0.04653732048384122,-0.04679542948422252,-0.004812561530353108,0.5969416035668986,-0.05160799101457563,0.0008403474412644338,-0.1496117264635048
670871,108,-0.05303932274337611,-0.04669371924080254,-0.04667707075605035,-0.006362251987325754,0.6122824931106379,-0.05303932274337611,-0.000994240296985086,-0.16978048994541484
669169,111,-0.04898608667436242,-0.0465343574649408,-0.04645247157378021,-0.0025336151005822005,0.6393987420383869,-0.04898608667436242,0.0004309971711059703,-0.16549110559624347
521230,100,-0.04492787006423133,-0.04541157111627949,-0.04539841121599163,0.00047054115176029465,0.6361787446583695,-0.04492787006423133,-0.0018957105570319406,-0.1413248987316321
571539,98,-0.05471245004443983,-0.04516990248800932,-0.04522483223852634,-0.009487617805913484,0.6117961486492312,-0.05471245004443983,-0.0007346936620762667,-0.15041507936911314
656354,52,-0.05489909294467444,-0.04471404615418633,-0.04516619040975722,-0.009732902534917213,0.5977575534608034,-0.05489909294467444,0.002323658832846996,-0.16432641266933767
677976,105,-0.04444063140917953,-0.044896191966319,-0.04498052567110966,0.0005398942619301217,0.6705784437030976,-0.04444063140917953,-0.003874165159298143,-0.1567794164151824
687145,52,-0.04760913173044759,-0.04511073850073036,-0.044843294557672296,-0.00276583717277529,0.5849799744706821,-0.04760913173044759,0.0014920753533270393,-0.16002037892669455
669395,88,-0.0456854234769609,-0.04475348630603246,-0.044689524682571306,-0.0009958987943895945,0.6759484811093591,-0.0456854234769609,-0.0016496460434482442,-0.14184176881961993
621097,72,-0.0394014142380392,-0.044575660247452825,-0.04437984232603645,0.004978428087997252,0.6867984411554104,-0.0394014142380392,-0.0025962907576445155,-0.141673636802029
668834,117,-0.04561639451274265,-0.04425147362596837,-0.04423743046917618,-0.0013789640435664728,0.5989410732815308,-0.04561639451274265,-0.0017674309824311837,-0.1521611435074301
694646,99,-0.04352726029278914,-0.04393621891672376,-0.04393861329818574,0.0004113530053966002,0.6252419470669407,-0.04352726029278914,0.00039881170576132324,-0.15206662771858392
664028,96,-0.05146319357518733,-0.04382999185559971,-0.043907437722918496,-0.00755575585226883,0.6344436434416311,-0.05146319357518733,-0.0019136229266889142,-0.16282050380750826
660593,120,-0.046305005347007384,-0.04379473718883395,-0.04374526348709843,-0.0025597418599089517,0.6299230682309089,-0.046305005347007384,-0.0011466058219048868,-0.15459166293130347
689981,133,-0.05033601832220523,-0.043641364830732936,-0.043599546619002824,-0.0067364717032024,0.6170790084771135,-0.05033601832220523,-0.0007945779102097276,-0.15437835658827623
802419,94,-0.04093387974598472,-0.04343641652975483,-0.04348380518598683,0.0025499254400021105,0.563573278386272,-0.04093387974598472,-0.0015381638257353735,-0.14868082361570173
664123,102,-0.04993741284775005,-0.04339730747441369,-0.04342705085764645,-0.006510361990103609,0.5676493471515048,-0.04993741284775005,-0.0008103098635498596,-0.16288847737827875
687849,124,-0.04407164255972998,-0.04315944447217217,-0.04308511207173054,-0.0009865304879994388,0.5909083255185168,-0.04407164255972998,-0.0027752618829247184,-0.1621687815282136
702795,115,-0.04908567879054355,-0.0425672149240151,-0.04265912479947137,-0.006426553991072181,0.6526371032750585,-0.04908567879054355,-0.001191731073013244,-0.15686317198994415
679156,140,-0.05313445595772248,-0.042543449614933664,-0.04262300466236867,-0.010511451295353807,0.625255547772244,-0.05313445595772248,0.0016087783269302118,-0.1594088644883091
686790,115,-0.05016278761476551,-0.042574115437531736,-0.0425479779015353,-0.007614809713230211,0.6685357331460536,-0.050840880875796454,0.002267078156924936,-0.12783838729192396
691251,116,-0.05090550611308954,-0.042304289165077044,-0.04232179207722682,-0.008583714035862718,0.6125881277531384,-0.05090550611308954,-0.0019720943426605308,-0.16218445455616137
622694,106,-0.03897156188091933,-0.042190085183368684,-0.042118005011721256,0.0031464431308019236,0.601170075087674,-0.03897156188091933,-0.0012306675111736348,-0.16089246413340547
665620,146,-0.04445847251094552,-0.041855606326346426,-0.04196646809733355,-0.0024920044136119758,0.5720106085725921,-0.04445847251094552,-0.001968447480235683,-0.1510933166257825
660906,133,-0.0432924630585549,-0.04163388806193414,-0.04168171314798164,-0.001610749910573254,0.6570322425653846,-0.043323485832939476,0.0010423872625237836,-0.15082780318406702
607755,103,-0.047710918557022086,-0.04161816869485739,-0.041653747179936675,-0.006057171377085408,0.6179304857551237,-0.047710918557022086,0.0012814235973465816,-0.1486953975792213
681066,124,-0.04438817464147073,-0.04155054477604966,-0.041472239576799026,-0.0029159350646717056,0.606025153001281,-0.044514916605491346,-0.0017380548320950469,-0.14599706893427386
571912,67,-0.0575484734721299,-0.041144318529907395,-0.04126046151239102,-0.016288011959738884,0.5044209190268785,-0.0575484734721299,-0.0010992889342497391,-0.1581079042346983
660600,136,-0.05013610260712317,-0.04111734797086973,-0.04119808303264085,-0.008938019574482326,0.6368579706144127,-0.05013610260712317,-0.0038518322355350766,-0.14053940532121198
595881,88,-0.048020046854984226,-0.04101827937459016,-0.04103926422412438,-0.006980782630859847,0.6688016437757149,-0.04977397652040328,0.00027519011903699323,-0.12266477640187264
672715,121,-0.042061072074532455,-0.041065156431386744,-0.04093524539727801,-0.001125826677254444,0.5745952436854509,-0.042061072074532455,-0.0019392728972645128,-0.15970710921711379
646242,146,-0.038786467695224446,-0.04075281349731167,-0.04080798085874148,0.002021513163517031,0.6199310402458272,-0.038786467695224446,-0.0007317453545036866,-0.15012874064562406
687075,131,-0.05058699112801583,-0.04030563518471306,-0.040283657411047745,-0.010303333716968083,0.548883559105662,-0.05058699112801583,0.0007373896115112868,-0.15447065414217162
676571,172,-0.04632865270525537,-0.04007172871588038,-0.04010604399954679,-0.006222608705708581,0.598762453674719,-0.04632865270525537,-0.0006617207070668958,-0.14505508224383779
669912,157,-0.043581384751196765,-0.0398476850349987,-0.03987435346790251,-0.0037070312832942574,0.5999901701023441,-0.043581384751196765,-0.0003849840391825723,-0.1447842379023374
656061,135,-0.04312824899099215,-0.039774609891819836,-0.03978081341982169,-0.0033474355711704666,0.590104411567205,-0.04312824899099215,-0.00021751925639713427,-0.15308940225222256
668716,134,-0.057431963856232116,-0.03969439013533313,-0.03975365436553262,-0.017678309490699505,0.5838492533582834,-0.057431963856232116,0.00034307370912226964,-0.14509367700654513
674841,154,-0.03991530767435513,-0.03965586319331333,-0.03969764089765186,-0.00021766677670327387,0.6223170586739082,-0.03991530767435513,-0.003304154055939672,-0.1528649713564058
656420,124,-0.03374209813177728,-0.0395543702935552,-0.03958136943087674,0.005839271299099462,0.6087203598434954,-0.03374209813177728,-0.0008865390413049367,-0.1353693294246663
593833,83,-0.04145767801519749,-0.039456076741557676,-0.039544217611747146,-0.0019134604034503357,0.5145326587020268,-0.04145767801519749,-0.0026605297117640527,-0.13744223017889073
668943,101,-0.04916525801111971,-0.03932701708807601,-0.039339242887127285,-0.00982601512399243,0.5987059246999317,-0.04916525801111971,-0.00019497381546069192,-0.14519166334865025
668676,84,-0.029057189157960746,-0.03917918836497353,-0.039207227640668786,0.010150038482708046,0.5830394934624513,-0.029057189157960746,-0.0017909364775929107,-0.1546226097035855
592288,115,-0.03413640674007521,-0.03919336967693906,-0.03919659599850696,0.0050601892584317566,0.5774714833685276,-0.03413640674007521,-0.001704438620494789,-0.16338565081390838
676105,153,-0.04330688519079718,-0.038863758796291614,-0.038842228327480036,-0.004464656863317145,0.6144968615028432,-0.044386635880410676,-0.000250419929690489,-0.13719323048987891
572403,150,-0.03450631125523748,-0.038845243349734784,-0.03882716733660301,0.004320856081365535,0.619301047517578,-0.03450631125523748,-0.0007801828673490493,-0.13386394552501213
675916,92,-0.038937875130391465,-0.03865578962466361,-0.038678083370573504,-0.0002597917598179635,0.614372811836642,-0.038937875130391465,-4.259727981331878e-05,-0.13294146888220623
664129,144,-0.04094835822836831,-0.03839052515671239,-0.03847505676504551,-0.0024733014633228,0.6295091609831478,-0.04094835822836831,-0.0007351400175124893,-0.13735967940913152
814005,116,-0.04159776652858804,-0.03824034149950341,-0.03827009116539764,-0.003327675363190401,0.5907373506154814,-0.04159776652858804,0.0003376371299498212,-0.12667164311365323
696270,126,-0.04258625812330122,-0.03816632544509333,-0.0381687768163036,-0.004417481306997606,0.5734308701145725,-0.04258625812330122,-0.002151993656985517,-0.15463557374171777
621139,136,-0.043605660212203724,-0.03805031774275186,-0.038054042968975695,-0.005551617243228023,0.5688341821010956,-0.04378409015786612,-0.000270780184756648,-0.14160182780933225
666364,101,-0.04422077320459698,-0.03799427485777121,-0.03800812757675881,-0.0062126456278381705,0.602032554506295,-0.04422077320459698,-0.0024317739918620863,-0.14988869171575794
668873,98,-0.03886195839850528,-0.037937484279191455,-0.037987833146496966,-0.0008741252520083072,0.5431268772505999,-0.03886195839850528,-0.0009422671409518704,-0.15219700125729738
701121,75,-0.03804285824271967,-0.03794019295951669,-0.03795217419207093,-9.068405064874326e-05,0.5717072579708833,-0.03804285824271967,0.0008920338081638752,-0.1383829216365517
554431,124,-0.039321782568465156,-0.037912279868467985,-0.037916973251712005,-0.0014048093167531492,0.6098948489658282,-0.039321782568465156,-0.0018214512509555384,-0.14648219783664634
681810,137,-0.046903642208235674,-0.03775929225545053,-0.037781543435706506,-0.00912209877252916,0.5535462418889197,-0.046903642208235674,0.0006901701145289356,-0.15342399122483333
669270,146,-0.0473945823008059,-0.03753936422453373,-0.03757067099907087,-0.00982391130173503,0.5753619761825247,-0.0473945823008059,7.406239281882426e-05,-0.15516088669316627
670810,139,-0.04163846681751075,-0.03752236328141813,-0.03749218332489647,-0.004146283492614289,0.5918357535679303,-0.04163846681751075,-0.0011356882324991258,-0.15003755296426238
570257,131,-0.04207705141879886,-0.03740212266189812,-0.037409450794312425,-0.004667600624486438,0.6168328691612212,-0.04219193449124034,0.0008355717636075938,-0.1370297911667169
813349,156,-0.04081809640517934,-0.03714034992019474,-0.03713641100163867,-0.0036816854035406662,0.6304365874517157,-0.04114449026550894,-0.00018485361236494842,-0.13529108782994323
656686,141,-0.035382869192329865,-0.03693490308449343,-0.036911558094709876,0.0015286889023800102,0.576651748589039,-0.035382869192329865,0.0005407541895280207,-0.1369356108554523
594943,195,-0.04235204729820377,-0.03676084409610015,-0.03677915922469165,-0.005572888073512119,0.5869392609595389,-0.04235204729820377,-0.0010338821160303386,-0.1467232427794115
621294,165,-0.045426155324149474,-0.0366638689485673,-0.03666007177286313,-0.00876608355128634,0.6205988013628139,-0.04653328249327708,0.0004957966963150462,-0.13059925915692913
682175,115,-0.04316500219998204,-0.03653610323645595,-0.03662604017180649,-0.006538962028175545,0.5897337288831979,-0.04316500219998204,0.001969293329534519,-0.15739824553071818
674944,165,-0.03449414301902848,-0.036609621289238,-0.036617312192454135,0.0021231691734256556,0.6069364483291073,-0.03449414301902848,0.0004987626958076576,-0.1534711479346232
696147,143,-0.04276757003516532,-0.036417372990922355,-0.03643279549533831,-0.006334774539827011,0.6141548357889003,-0.04418855049925698,-0.0009154079149197517,-0.1357502425996562
622075,152,-0.038399456236083034,-0.03633174037969159,-0.03634280455393625,-0.0020566516821467836,0.6052407202070468,-0.038609794824498965,0.000694956417732403,-0.1402951843910744
656353,172,-0.03755098644067989,-0.036072547237762896,-0.03607207871145625,-0.0014789077292236433,0.5968007539141126,-0.038565075342131,-0.0006105551761667571,-0.13426349211437244
641343,60,-0.031645111924812556,-0.03589711620879642,-0.03592794382492452,0.004282831900111968,0.672396800200092,-0.031645111924812556,-1.2106816432420756e-06,-0.1346118812068603
641871,156,-0.04425356434328673,-0.03584397154640664,-0.03585276649709908,-0.00840079784618765,0.581621280824319,-0.04450595942651139,-0.0015586217800501309,-0.1293110969467791
676714,145,-0.04006880866779923,-0.03582135722824746,-0.03582513688916657,-0.004243671778632663,0.5821886930061463,-0.04008927419115336,0.0009955287772472866,-0.14001927118324037
657265,93,-0.03955835343519561,-0.035785958610593006,-0.035788218341533555,-0.003770135093662056,0.5862188399527037,-0.03955835343519561,-0.0021177199564890946,-0.15535838633946844
681168,136,-0.03424420386045788,-0.035739344947128195,-0.03575150934168563,0.001507305481227748,0.5914912469328468,-0.03424420386045788,-0.0020985303443909714,-0.1481662243538517
682010,147,-0.04106719092532092,-0.03550853075447371,-0.03568638185089973,-0.005380809074421199,0.5860217762491206,-0.04106719092532092,-0.0020461273904700474,-0.14035338020271887
804636,154,-0.04150866495932738,-0.035613581905692825,-0.035680598412172665,-0.005828066547154717,0.5742260400008987,-0.04150866495932738,-0.0003846038796386897,-0.14799987556051955
657697,102,-0.03360124420838833,-0.03544548362636621,-0.035546018371233355,0.001944774162845029,0.5607787886986833,-0.033617316559119585,-0.0020770368422240123,-0.1374801802249402
676604,133,-0.038926452498152714,-0.035463683637772726,-0.03552313672856382,-0.0034033157695888988,0.54230100042141,-0.038926452498152714,0.0025051806606411478,-0.1450818605615871
677020,172,-0.03799809161038248,-0.03529096354768304,-0.03534516460855126,-0.0026529270018312164,0.5656101572021649,-0.03799809161038248,0.00012162504736483619,-0.133748933477501
643493,139,-0.039108772831033055,-0.03515500520580637,-0.03518087266706066,-0.003927900163972391,0.5742896795914616,-0.039108772831033055,-0.0001357069817546533,-0.14210523761323526
660730,135,-0.028889286355431684,-0.03489252237871913,-0.03484978308436676,0.00596049672893507,0.5035641451090628,-0.029982234179236032,-0.0003175229277231688,-0.13708693139169276
686796,144,-0.0356759623766583,-0.0347524590155129,-0.034831908278266675,-0.0008440540983916305,0.5577812463126771,-0.03579139823727272,-0.00023549274281912532,-0.14654862038946048
682989,180,-0.04273520555006964,-0.0347264877659771,-0.03473088207581355,-0.008004323474256092,0.5376585950274217,-0.04273520555006964,-0.003195983323087332,-0.15517652031800744
656924,139,-0.03608667306998421,-0.03460729672736428,-0.03461665770846032,-0.0014700153615238964,0.6188592580833748,-0.037763562878479595,0.0017228790374011842,-0.1387977253091805
622103,106,-0.03324338481534078,-0.03444553474928376,-0.0345157234266927,0.0012723386113519155,0.5555464091408888,-0.03324338481534078,-0.0015269453535556373,-0.13294894014446734
666711,136,-0.04398878459244548,-0.03428038060668154,-0.03434324951338327,-0.009645535079062208,0.5679057740782008,-0.04398878459244548,0.0003917970425250514,-0.14510249926196253
592229,161,-0.039333574004005965,-0.034226983415333055,-0.03425240085801056,-0.0050811731459954055,0.5640720533007433,-0.039333574004005965,-0.0011996652025832602,-0.1423061391887187
641743,83,-0.03571301863397494,-0.033750892044128886,-0.03371597401207919,-0.0019970446218957514,0.5660038703648745,-0.03571301863397494,-0.0008164419348543393,-0.12466916300655374
676614,183,-0.03424138764515867,-0.03362386724451629,-0.03365902575491799,-0.0005823618902406806,0.5300748311083191,-0.03424138764515867,-0.0019608892665744985,-0.1318487990163939
656786,142,-0.038278627779556956,-0.03358470866008056,-0.03354683565314559,-0.004731792126411362,0.5484800654729745,-0.039225569841503743,-0.001309434483315356,-0.13973892110171246
642629,158,-0.033468514407355224,-0.033493786712091064,-0.03353409417798973,6.55797706345016e-05,0.5657925437306054,-0.035424783799434485,-0.0007916294405290508,-0.12865270495348713
643256,143,-0.042677389350354714,-0.03339948709123244,-0.03348935074312989,-0.00918803860722482,0.5512054761450975,-0.042677389350354714,-0.00032900434349673906,-0.1542824252476765
800311,126,-0.03449313991882819,-0.033404120124948734,-0.03342462014036563,-0.0010685197784625583,0.5640553466431445,-0.03449313991882819,-0.0007563688999741149,-0.1322847584059545
663795,183,-0.03263765714074787,-0.0331710513464089,-0.03316585397504598,0.0005281968342981115,0.5980190629362941,-0.03263765714074787,-0.0013096750894632117,-0.13970939324112783
453268,137,-0.033996766723037114,-0.03288328627659636,-0.032912469097104546,-0.0010842976259325637,0.5119157940751198,-0.03430043828226637,-0.00011138199025683016,-0.14837166700838306
682274,158,-0.029131434570252888,-0.03289221704114753,-0.03290227071275271,0.003770836142499822,0.6215967224266583,-0.03214451410752859,-0.0007215918502230607,-0.11988832494579234
663556,155,-0.0403354038009065,-0.032833894856567805,-0.0328443049963881,-0.007491098804518398,0.5745690662191855,-0.04037313158483121,0.0006534034219841664,-0.13894157713380972
677865,202,-0.038607337278476636,-0.032706056735763184,-0.0326827129990909,-0.00592462427938573,0.5632417878065352,-0.03861321737765715,-0.00025040048798626496,-0.14049352252767364
686751,129,-0.02537863041744252,-0.03269852308867717,-0.032678274334180836,0.00729964391673831,0.5130287173865591,-0.026202024989800163,-0.0006813889436140243,-0.12769596758612511
681806,134,-0.030261295756612783,-0.032495459232777,-0.03253702971726026,0.002275733960647476,0.4908688564511152,-0.03155859135214741,-0.00041421221230416325,-0.14439096973043958
679775,178,-0.04553796050311025,-0.032251372924592916,-0.03229634104224037,-0.013241619460869877,0.537075529953912,-0.04553796050311025,-0.001252010100159525,-0.14404768174928262
688497,118,-0.0367982445141067,-0.032189676679605095,-0.03220631632781312,-0.00459192818629358,0.5102985166550268,-0.03813653630297251,-0.0009988612792283134,-0.12747294524475566
682825,157,-0.033200151152233334,-0.03203841260300776,-0.03202821564536602,-0.0011719355068673146,0.5254960996440389,-0.033200151152233334,-0.0004927703316423859,-0.14664695443755515
675989,229,-0.036555604234556525,-0.03190570158002145,-0.03191578199252671,-0.004639822242029815,0.6106466157027675,-0.03752262899098778,0.00019456949371380615,-0.13101056603535938
682790,151,-0.031269906923690485,-0.03188660829591252,-0.031897930877559204,0.0006280239538687244,0.5026732438746637,-0.031269906923690485,-0.002485953045931292,-0.14696122315001364
571901,195,-0.045969000204385595,-0.0317581307363561,-0.031785768333840655,-0.014183231870544943,0.5675299823217514,-0.04600654556537428,-0.0005355459223157466,-0.14242961854664415
691172,161,-0.0468424904614917,-0.03161444320186457,-0.03162823688878343,-0.01521425357270826,0.5407259310010776,-0.0468424904614917,-0.0013866861121408945,-0.14006499445894063
605156,186,-0.03768058523080974,-0.031397527930844826,-0.03141399293614053,-0.006266592294669215,0.6275162324889751,-0.03818240328205894,0.0008727448159589554,-0.13492525490743842
681151,89,-0.04270549764679422,-0.031297706758448486,-0.03139469400300703,-0.011310803643787181,0.4527572586352339,-0.04270549764679422,0.0008336591729331494,-0.1334462614964579
527054,200,-0.03796758989079327,-0.03135905617349216,-0.031357898533773534,-0.006609691357019727,0.5297804871961078,-0.03796758989079327,0.00027918186324336723,-0.14339356219183982
668968,176,-0.03179118480948549,-0.03123104775547573,-0.031218238337113104,-0.0005729464723723834,0.5957755280206823,-0.03179118480948549,0.0009722296549728822,-0.13054665117404526
656382,156,-0.03504823279588153,-0.031123194772880627,-0.031182649826767432,-0.003865582969114104,0.5117642202441919,-0.03760468458815532,-0.0006086791491774205,-0.1376826759055731
669704,177,-0.04045302145931495,-0.031073015378233003,-0.031150940337914438,-0.009302081121400518,0.5541652765840839,-0.041403164487475115,-0.00039458714845059997,-0.11919323475955841
663989,139,-0.03476934287931994,-0.030834551033717506,-0.03091026781032213,-0.003859075068997807,0.5597879653308073,-0.03496107018746097,0.0016434654989131256,-0.1367762958514199
605155,162,-0.038615660610217234,-0.03080256818875832,-0.030857513279702053,-0.0077581473305151786,0.5843859880881483,-0.03863450138204013,-3.1163064679782986e-05,-0.14793044039155742
547001,183,-0.033152820119951264,-0.030630113276484294,-0.030647800227410454,-0.0025050198925408093,0.501685206095219,-0.03373980019971818,-0.0013887481409758306,-0.14439004883390813
663321,176,-0.03660445336920988,-0.030617513939016586,-0.030618252347960163,-0.00598620102124972,0.5791456084817965,-0.03670632683422609,-0.0007531334595146095,-0.12916537978225848
650960,187,-0.038027704399683455,-0.03056323672957956,-0.030606115793058105,-0.007421588606625347,0.5141225901747682,-0.038027704399683455,-0.0020032759174815878,-0.1454838026871092
801139,158,-0.04762183181091717,-0.030514794906009855,-0.03060557158365651,-0.017016260227260657,0.5090387172698889,-0.04762183181091717,-0.0013539945300758112,-0.1482697395979021
528748,88,-0.02884798243018686,-0.03051839927298321,-0.030602824027472993,0.0017548415972861344,0.5285036791139567,-0.029464276329488403,-0.0005324599156348116,-0.11886932039674028
686654,122,-0.034878069082147065,-0.030485551034890316,-0.030463872997688754,-0.00441419608445831,0.5065823969121858,-0.034878069082147065,-0.0018691996796487934,-0.13562514886449414
605242,164,-0.03261959216463071,-0.030414081279116066,-0.03046120149112089,-0.0021583906735098243,0.5298322581722787,-0.03261959216463071,0.00041802966801516363,-0.13961000933509024
672860,163,-0.037147031937593784,-0.030272624019169615,-0.030285972957626438,-0.006861058979967346,0.561739469048584,-0.040935790200458205,0.00012371176292618895,-0.12133523680436194
671109,159,-0.030716892815578673,-0.030287149497918994,-0.030232038938936875,-0.0004848538766417914,0.48335380592317884,-0.03286663919566375,-0.0007576185356376213,-0.12887895851343822
663531,214,-0.034424144513561274,-0.030217871759138544,-0.03023038634638326,-0.0041937581671780124,0.5204602427366775,-0.03449431213510726,-0.0005533510771477265,-0.14449499776943975
689958,84,-0.024581947088617887,-0.030232051703008203,-0.030182291863268325,0.005600344774650439,0.47716515114545743,-0.024581947088617887,-0.0025106886357473468,-0.11369937997096422
680744,196,-0.030764666243620863,-0.03008442811133707,-0.030118400019153634,-0.000646266224467229,0.5445386547715192,-0.03080479407957242,-0.003617218585412849,-0.13036316361494976
665896,197,-0.02827194884883481,-0.029844662376434353,-0.02984999341081292,0.0015780445619781136,0.5624864497686763,-0.02827194884883481,-0.0013611100192343062,-0.13557051037840484
700187,195,-0.03070909919518376,-0.02967999428054046,-0.029683898633040166,-0.0010252005621435994,0.49043471289856894,-0.03070909919518376,-0.0010124491656281587,-0.14102292529168492
543521,165,-0.039453765938121554,-0.02967143520633701,-0.0296728612436624,-0.009780904694459153,0.5415812352074794,-0.039679314610349466,-0.000393558914524637,-0.13403542409746674
683618,164,-0.03449579416362285,-0.02964728214028583,-0.029622495105481837,-0.004873299058141016,0.51244484008234,-0.034585883655332446,-0.0012195650559601787,-0.12958865971253747
692285,180,-0.029737758334618922,-0.02953207258921619,-0.02959357526742282,-0.00014418306719610625,0.5660801017015487,-0.029798613821322303,-0.002258988078885248,-0.13205610003538581
663399,228,-0.03233823909116199,-0.029509236181925167,-0.029551455069418166,-0.002786784021743824,0.49971166625786856,-0.0324591595041369,-0.001557101463273948,-0.14165127448094153
598286,222,-0.032546987029788,-0.0294893233079711,-0.02949674829297265,-0.0030502387368153486,0.5323872595357677,-0.03329459913963616,-0.0008499100981563435,-0.13040034889539145
676265,183,-0.034394879841646374,-0.02937071445294706,-0.029376220730754268,-0.005018659110892104,0.5175227092183835,-0.034784497006437924,-0.00034071320532002593,-0.12101730844816296
543272,155,-0.02891222554254673,-0.029204780295509932,-0.029215145603683587,0.00030292006113685755,0.49094792798424164,-0.02891222554254673,-0.00012281471566296144,-0.13014738227404665
681006,259,-0.035976441797228094,-0.029026068992372523,-0.029048449928902327,-0.006927991868325769,0.5926858390009262,-0.03724632475270615,-0.0002942172755452279,-0.13158341627418865
622259,187,-0.03549784783012592,-0.02869213712575052,-0.028679680213370123,-0.0068181676167557905,0.5690200568512902,-0.03772607058995971,-0.0032032359852997984,-0.12070818727101551
624647,187,-0.034449899927619106,-0.028628036130766605,-0.02861405024204102,-0.005835849685578081,0.527099233786615,-0.03507435358209215,0.00011185432251610013,-0.13988193264915186
642545,236,-0.029949042869398805,-0.0285603424903677,-0.02857265848468919,-0.0013763843847096162,0.5752130769195193,-0.03039772984364458,-0.0020958811591362935,-0.13632426279629659
694918,125,-0.028814487904942142,-0.02861215002298775,-0.028521480223919985,-0.00029300768102215417,0.5044408914813391,-0.028814487904942142,-0.0016074248343610443,-0.13876751482762834
425794,284,-0.029603750490362468,-0.028457717232172556,-0.02847301511929128,-0.0011307353710711915,0.5261047990683079,-0.030677928721873166,-0.0005261469930515222,-0.1490175769620258
543507,155,-0.02772933989197193,-0.028256186518563126,-0.028259466693325647,0.0005301268013537163,0.5696364170427378,-0.028311489651170203,0.00028027521361875693,-0.11921053918420477
664141,203,-0.034271726670348196,-0.028181614122655723,-0.02821157029203139,-0.006060156378316805,0.5590407947142623,-0.038598219936468725,-0.0014428807590296773,-0.11991437067953314
622780,131,-0.03271988601943024,-0.028098175742354875,-0.02818749352814878,-0.004532392491281453,0.4805311322412343,-0.03271988601943024,-0.0023878625576623843,-0.1283051674586332
692230,199,-0.027886038758330133,-0.02810468736423954,-0.02812241544865993,0.0002363766903297974,0.46614016138404846,-0.027890210043248438,-0.0017452388653269265,-0.12614413233943617
666168,191,-0.028153563002328647,-0.028038824202606158,-0.028111766167759126,-4.179683456952301e-05,0.5876589345807148,-0.030417933483205276,-0.002726983242776671,-0.12513031466493107
663455,217,-0.031717560676254454,-0.028075816210812843,-0.028073803182886974,-0.0036437574933674806,0.5324524454789578,-0.03186583964225195,-0.0007617674832415359,-0.12611660737525188
701643,238,-0.032246406630380635,-0.028062552946150017,-0.028061772597631547,-0.00418463403274909,0.5324889441588512,-0.03247345749989385,-0.0011322551618811547,-0.12977669728018967
675650,148,-0.02506482535278423,-0.02804541941702437,-0.028020456463622695,0.002955631110838466,0.5120569940003397,-0.02506482535278423,-0.0024907169804575554,-0.1402417530525537
687424,188,-0.025914638972990914,-0.02801893037744208,-0.028005087192676578,0.002090448219685667,0.4993588425949713,-0.0344360848074565,-0.0014506546743686848,-0.11664567126214266
642016,156,-0.035146014658599956,-0.027935452672687242,-0.027933332167852206,-0.00721268249074775,0.5084917559669409,-0.035146014658599956,-0.0014720724782394672,-0.12751166683714388
686294,176,-0.03471764301856353,-0.02774638485747484,-0.027730394880863443,-0.006987248137700081,0.5337426828035335,-0.03517224122591592,-0.003880477322337172,-0.11388344015325574
687798,215,-0.030212702222312576,-0.0276817833639754,-0.027724027120930163,-0.0024886751013824147,0.5520079025309227,-0.03041460524161357,-0.000540679944384028,-0.125818503761349
691951,210,-0.024957199823384697,-0.02765466332098141,-0.027664308753783673,0.0027071089303989768,0.5016634778881944,-0.02528537149979581,-0.0014550913690021385,-0.12442525965031861
686839,172,-0.0322315676250538,-0.02739941656853621,-0.02740563216405526,-0.004825935460998545,0.5647217538653604,-0.03528247940450642,-0.0003355330444960383,-0.12015885570260676
669952,194,-0.03368142818240616,-0.027203075340709027,-0.027253502288220613,-0.006427925894185544,0.5009976629348792,-0.03368142818240616,0.000364837188105869,-0.1210509658081329
664351,140,-0.021151391896248463,-0.026920659699335815,-0.026899154350372764,0.005747762454124301,0.499130189299995,-0.022430587540525914,-0.0017202984981826244,-0.12288787586295238
641312,215,-0.030324652734459626,-0.026826025335264018,-0.026842809865067933,-0.0034818428693916916,0.48536836258369936,-0.030324652734459626,-0.0004435541680134265,-0.14966410625132998
621199,423,-0.03003132744976072,-0.02681178525905307,-0.026816121921301412,-0.0032152055284593063,0.4892197355031859,-0.030319430638354565,-0.0014995015270244804,-0.13391778243513536
622251,174,-0.033541699867820324,-0.026525508003608443,-0.02657933250012446,-0.006962367367695865,0.535764694334302,-0.03373546555258968,-0.00013039152968868762,-0.11460785890682085
663804,252,-0.03401463621894899,-0.02654145606065643,-0.02653491970448112,-0.00747971651446787,0.5534387811268504,-0.0358635487656555,-0.0003765165754703837,-0.1266798596461556
605498,229,-0.027446374651031592,-0.02653293101688964,-0.026502131530006537,-0.0009442431210250552,0.5142085762488557,-0.027984254009961473,-0.0015707194061972986,-0.1371030317771491
661309,225,-0.03324302289204353,-0.026402436376937084,-0.026380273548009443,-0.006862749344034088,0.547766854544988,-0.03705381817907909,-0.0009792780585046754,-0.12865352301517674
605200,215,-0.03247386903812309,-0.026358529708227798,-0.02636638517563648,-0.006107483862486613,0.5559930430213686,-0.03365331586079587,-0.0004305913182818685,-0.12961663520452962
688107,235,-0.03433223731872686,-0.026186500960499695,-0.02620552743258035,-0.008126709886146506,0.46787563134168764,-0.0345271855304723,-0.002254889126090761,-0.1390991870804126
642520,260,-0.029549487198668633,-0.026011451682173333,-0.02600324933086457,-0.003546237867804058,0.5716904238906166,-0.030520374584419047,-0.0005585162717716572,-0.12104585461731031
805123,220,-0.03188005515274581,-0.02589121035572865,-0.025912063348691526,-0.00596799180405429,0.5311772652368446,-0.03288498157475119,-0.0014711710242217247,-0.11783515834600693
661440,240,-0.037287153135579024,-0.025805975441013245,-0.02583351517869674,-0.011453637956882283,0.5262459303198558,-0.0375060672687907,0.0003211158032605341,-0.14170669928026716
600921,227,-0.027870693911499766,-0.025755539304686857,-0.025755898083313522,-0.0021147958281862453,0.5320078850542939,-0.02808018876776731,8.619042239960644e-05,-0.12033394983247983
620454,235,-0.0297323896599751,-0.025697947394735604,-0.025700740014367094,-0.004031649645608006,0.5123040269067488,-0.031064120391919692,-0.0005158854999061049,-0.1317406780489119
690544,237,-0.026002463600469303,-0.025664112362526335,-0.025657960359129012,-0.00034450324134029385,0.5132784849803625,-0.026002463600469303,-0.0013813613943420597,-0.138900249376323
623451,124,-0.02979786083127489,-0.02553795025803027,-0.025569580688422033,-0.004228280142852859,0.5276298822504996,-0.029815191389645262,-0.002281106658256157,-0.12771573601797281
687931,174,-0.03380220726251487,-0.02552769111582501,-0.025568977994474565,-0.008233229268040307,0.5517104465831402,-0.034983380494886716,-0.0004772341103353539,-0.11840934494990495
666720,212,-0.029571296590730684,-0.02556545851463829,-0.025563148032725518,-0.004008148558005166,0.526113844833863,-0.029793856375756638,-0.0014778470944693451,-0.13410165138109992
664350,247,-0.034247670328574786,-0.025419704773363107,-0.025478197014630315,-0.008769473313944467,0.5143938821005929,-0.034247670328574786,-1.3732479874623896e-05,-0.1442024352421466
663897,62,-0.022129422925546614,-0.025650125455366254,-0.025464462604111573,0.0033350396785649604,0.5893893586515245,-0.022129422925546614,-0.0021054086969599945,-0.10691517107351749
641627,188,-0.030926659813555715,-0.025402128840215744,-0.02538893350803627,-0.005537726305519445,0.5317370503799286,-0.03096436841809075,-0.0014462593552615462,-0.13239265055060884
657424,227,-0.026013500349462686,-0.025090290585022403,-0.025127280971636717,-0.0008862193778259668,0.4828512534818328,-0.026108661474695163,0.0005157985858838565,-0.12979514415822296
680684,234,-0.029450983112678984,-0.02509253943414499,-0.025108411042841113,-0.0043425720698378745,0.5201277526640257,-0.029450983112678984,-0.0012970340139401878,-0.13828158815597097
594835,226,-0.03082671436157929,-0.025044309401424342,-0.02506759226650581,-0.005759122095073479,0.538052146296808,-0.03161627620622844,-7.419874988083124e-07,-0.11983883501158024
829272,292,-0.030901120787506134,-0.02503449892129056,-0.025025296925464395,-0.005875823862041738,0.4658153442902163,-0.030913260349642636,0.00013415908751476728,-0.13847348195675077
689672,320,-0.0268118589890314,-0.024945970026551707,-0.024956331863497508,-0.0018555271255338932,0.541414114034229,-0.02725993454259935,-0.0012892198908077905,-0.13210417931376311
606996,282,-0.031823266921636714,-0.024944065053465764,-0.02495561775210468,-0.006867649169532038,0.5066991228533733,-0.03202173033724786,-0.0007180480129908536,-0.12410532846141233
808963,249,-0.032305162931751376,-0.0249230003830028,-0.02492016409736935,-0.007384998834382026,0.5129644034009593,-0.03506529516950693,-0.000500172080236078,-0.13921677159390003
701519,293,-0.031418786553103574,-0.02484182840533492,-0.024869980940844076,-0.006548805612259501,0.531974513716531,-0.03245040499614671,-0.0004936852665572843,-0.13025657085111123
542585,308,-0.03356859099721722,-0.02482859643365469,-0.02486702905458573,-0.008701561942631485,0.4792468572787513,-0.03494166031430114,-0.0006904173018245061,-0.13637983943929052
656257,97,-0.022694168579877362,-0.024745482719900333,-0.02475659751226835,0.002062428932390989,0.4503870059237203,-0.022694168579877362,-0.0036719535608081087,-0.1394353559329187
660261,252,-0.03072373168248432,-0.0246872935029939,-0.024731272612121817,-0.0059924590703625035,0.48427954419035085,-0.033080330740124717,5.333176087037105e-05,-0.125667017867088
669620,254,-0.02874066991905895,-0.024683730477537604,-0.024700042944334654,-0.004040626974724298,0.4703902869833982,-0.02935037632107143,-0.00016534407372494831,-0.1317533666775269
676596,225,-0.026376379797106133,-0.024595090900287088,-0.02457548970113275,-0.0018008900959733808,0.5307946938244275,-0.027859120826899238,-0.0009673629610465286,-0.11001152945548856
666215,146,-0.019752049461281836,-0.024407492116801693,-0.024463424904194484,0.004711375442912647,0.47145048180772503,-0.020577002446384655,0.0017398931620945203,-0.13588092752238304
688297,422,-0.03318292365873957,-0.02441116619846089,-0.024419593630888962,-0.008763330027850614,0.5018624314001792,-0.03364082474366529,-0.0005999998201257663,-0.12227287550153795
643361,189,-0.01678651126140614,-0.024371285321669895,-0.024337290841297977,0.007550779579891837,0.5194995380534463,-0.016826940081230094,-0.00025789139718980394,-0.1233247978209906
667725,231,-0.02611095321268429,-0.024271667718905092,-0.02428666197377043,-0.0018242912389138622,0.5231947534194129,-0.030474816447637828,-0.0011854999698341182,-0.11219542745181611
701552,169,-0.018454016573886785,-0.024258002476414586,-0.02424819495134245,0.005794178377455663,0.49570710791686956,-0.018492813441362513,-0.0018568766641089706,-0.125250174080072
690997,301,-0.03454701630733817,-0.024237793408543623,-0.024216747915122,-0.010330268392216171,0.5130486228646515,-0.03521828643456176,0.0014162952645997934,-0.12785043481017186
676206,167,-0.022254098907241254,-0.02403461803063464,-0.024114647888692647,0.0018605489814513933,0.44038715733700134,-0.024095980665712526,-0.0013692190738581096,-0.12682702231109372
700270,206,-0.02845902353592312,-0.023962880851794138,-0.023964486859588997,-0.004494536676334119,0.4603428658653169,-0.02845902353592312,-0.001532400846224731,-0.13204196476361707
687223,281,-0.02953037972292924,-0.02396634245211065,-0.023960870755069155,-0.005569508967860088,0.486516914568843,-0.02955754778018224,-0.0005161064581598009,-0.1358845723086439
681432,173,-0.032327320104440394,-0.023944623480206845,-0.023950948209671453,-0.008376371894768938,0.48745385213244286,-0.03328981816013799,-0.00026850559730632885,-0.12750244589701823
680739,271,-0.02470273710981096,-0.023899413529174927,-0.023892653236254086,-0.0008100838735568769,0.5371746940060206,-0.02716786918985484,-0.0009094394232687619,-0.11744484458357483
688642,242,-0.02447216064778341,-0.023835302772825594,-0.02385426867610802,-0.0006178919716753873,0.51652700551445,-0.025808484302391514,-0.00229740570975147,-0.12934281371194972
596271,311,-0.028255057878325725,-0.023847040247516927,-0.02384167325910874,-0.0044133846192169895,0.5203909674800531,-0.03006457277102828,0.0001802343694428324,-0.12515056586517206
622253,290,-0.027630084787288775,-0.023789488921753883,-0.023828821367022374,-0.0038012634202664007,0.4871655525476387,-0.027955995026585183,-0.00010685953187117647,-0.13393285657007678
668970,281,-0.022531328793057397,-0.023500221347235364,-0.02351311221389222,0.0009817834208348218,0.4991347501371354,-0.02356238784018454,0.0002311694369330592,-0.1206046460051215
666619,265,-0.03198905061597424,-0.023424165321815835,-0.02345406082580041,-0.008534989790173838,0.550372773449067,-0.03556857375929303,-0.0003489166536881302,-0.12427502189451249
800048,274,-0.03215896002007274,-0.023441091031123826,-0.02344036189217102,-0.008718598127901723,0.5251883735584774,-0.03341063226945018,0.00045475981659517814,-0.12414248219552178
687362,257,-0.020500819773271128,-0.023183798275617108,-0.023194221283668704,0.0026934015103975777,0.4697159879102412,-0.02306596769044572,-5.947842064549932e-05,-0.11574981202435028
523260,282,-0.031292074024385955,-0.02314507808418997,-0.023173699295433968,-0.008118374728951981,0.5065982736640608,-0.03297961436428033,0.00013024880139247283,-0.12559035289692744
592789,249,-0.027292024143109425,-0.02306992379103194,-0.023052500424092306,-0.00423952371901712,0.4654685661616004,-0.027293666883805436,-0.0014412829724076833,-0.14558069644348617
680897,277,-0.023669353490546406,-0.023022038524021664,-0.023019552886544285,-0.0006498006040021233,0.4997124593693321,-0.03200941846741958,-0.001147327655800829,-0.1153180126027996
543101,321,-0.027774021930948828,-0.022958260297610198,-0.02300810133001054,-0.004765920600938286,0.5030056906397186,-0.0335504063618541,-0.0010773680735249485,-0.11677908552472634
676961,346,-0.02532789639704147,-0.02298678152763626,-0.02300236051745292,-0.0023255358795885475,0.47718832553527446,-0.02682490848900775,-0.0018872394853505598,-0.1255564403895067
670241,260,-0.027170487844815364,-0.022905877419493556,-0.022918003136282842,-0.004252484708532521,0.5093178409031573,-0.027723676228644755,-0.0023923586665505208,-0.12123948183870642
671111,345,-0.028903596173592724,-0.022845578879899575,-0.022843350138078672,-0.006060246035514052,0.48214109316557524,-0.028903596173592724,-0.00120501315459639,-0.13206132135520604
657756,265,-0.030079675820731216,-0.022819303295751773,-0.022829983629856977,-0.0072496921908742394,0.47305398159802986,-0.030281868260662807,-0.0006820723608217566,-0.12699875022419982
664991,226,-0.02468000835364748,-0.0228065958194118,-0.02282503919164031,-0.0018549691620071693,0.4835058515132474,-0.026761687935486413,0.00022341523005390784,-0.11693345700644457
670124,290,-0.021352641646678643,-0.02279751516869174,-0.022779823738393316,0.001427182091714676,0.49569126615872344,-0.022991769441360454,-9.201170767952242e-05,-0.11717977188860154
608665,316,-0.023751302017080433,-0.022775485955250616,-0.022771066405710947,-0.0009802356113694838,0.4979282800753691,-0.026097531882302866,-0.0009453000904225084,-0.1088882665633069
680689,407,-0.02942804782576668,-0.022727367110984886,-0.022746728865377142,-0.006681318960389539,0.4724932065347911,-0.030484445884508632,-0.0011234963273803963,-0.12701008688854246
676680,266,-0.029578672878403763,-0.02270081423043216,-0.0227189930776145,-0.006859679800789259,0.48347558940160046,-0.029578672878403763,-0.0011786582618850496,-0.12598859128638326
687606,189,-0.02327709093245417,-0.022643286424953658,-0.022630478963157813,-0.0006466119692963561,0.4922013977388897,-0.02563370791964995,2.3321395417976427e-05,-0.11358139353942023
815083,186,-0.022190439058419147,-0.0225463777563963,-0.02256126930903801,0.00037083025061886274,0.49325868359583624,-0.022935141967244183,-0.0006615472238537305,-0.11409448950764244
693313,254,-0.02454333367922051,-0.02247026042305575,-0.022490331437729105,-0.002053002241491402,0.48293962616778924,-0.024646993623859248,-0.00126999820923216,-0.12737119374947384
664849,285,-0.02943332522047262,-0.022478879691069716,-0.022488174217578403,-0.006945151002894214,0.5411883780544483,-0.036456894824714335,-0.0007271588237265381,-0.11435659663129408
628708,288,-0.027830949263538,-0.022479805686361466,-0.022480244466590027,-0.005350704796947973,0.5245014172323402,-0.03181060070273952,-0.0013135644328741394,-0.11520387251875601
685314,273,-0.02423058663323147,-0.022472008412962603,-0.02247555468092897,-0.0017550319523024975,0.5066583845984985,-0.03499075584317021,-0.0027049866586577017,-0.1103196330521086
666661,282,-0.03163821923889571,-0.022452268837984624,-0.022468820087540784,-0.009169399151354934,0.459419343778069,-0.03335047674423612,-0.0005747877345513817,-0.12185263256325798
612434,296,-0.028034508861246133,-0.022407305576648575,-0.022390909285914584,-0.005643599575331547,0.5092505811063637,-0.029284041273193773,0.0005876295809744055,-0.12622768271329535
686747,313,-0.023474447467158717,-0.022331700338084882,-0.022321418850616562,-0.0011530286165421524,0.4825766326614459,-0.023554491083600842,0.00010780242599915565,-0.13086593931131607
656232,363,-0.02675179921311427,-0.022289154910646473,-0.022307371373333364,-0.0044444278397809045,0.48794789761962537,-0.027866709669842258,-0.0006123780690185451,-0.12312955572844744
695445,247,-0.030008869629180066,-0.022220607344602752,-0.022226578295776775,-0.007782291333403288,0.47874679636576467,-0.030008869629180066,2.3997224371294138e-05,-0.1342074593115062
681882,307,-0.025737800375243935,-0.02219424112227357,-0.02218001669889773,-0.003557783676346203,0.507757017047077,-0.03123145040939013,-2.4593816500311735e-05,-0.12802478753330768
678821,243,-0.027960674794200592,-0.02215142604039279,-0.022152927565727693,-0.005807747228472895,0.4499273514640762,-0.028803125095941184,-0.0013827541687229843,-0.12238884253093683
680723,281,-0.026552824161907206,-0.022077465744758325,-0.022111836530717115,-0.004440987631190089,0.4926395369051357,-0.027169123549008956,-0.0010850117395146588,-0.13022904961654783
622503,288,-0.027375719859224584,-0.022008566565856775,-0.021981974217379976,-0.005393745641844608,0.5317998237929655,-0.031124385840895316,2.5190127515283886e-05,-0.1177653781567865
687924,252,-0.031462767245692226,-0.02190851437211422,-0.021930500852366024,-0.009532266393326197,0.48673132458440715,-0.03161507197054946,-0.0005039291899725429,-0.13405817291655936
656186,221,-0.02198259820732819,-0.021857295533863796,-0.0219113569443817,-7.124126294648756e-05,0.46059290033174527,-0.02198259820732819,-0.0009693867410850823,-0.12610110686833936
690829,329,-0.02898640185454311,-0.021801160420246386,-0.021826030791840936,-0.007160371062702171,0.4940374544857915,-0.02981078997980704,-0.0014773774051208362,-0.1291488535400935
663986,234,-0.023772349531601015,-0.021737115395080827,-0.021739598090133913,-0.0020327514414671035,0.48545056799805425,-0.027099370598742848,-0.00020607440528567353,-0.11292481033004623
622065,263,-0.02745117943853854,-0.021676741687402655,-0.021689932882800425,-0.005761246555738118,0.4877843927824041,-0.035996145859369534,-0.0004239467942455348,-0.1075995714247893
685326,208,-0.02040482870778397,-0.02160828026748626,-0.02160837480868633,0.0012035461009023624,0.45509967482671604,-0.02246442068896874,-0.001067473698941733,-0.12352699126718261
686642,301,-0.027523157641673058,-0.021559474141404786,-0.021594424777911063,-0.005928732863761995,0.4632437043709141,-0.028541931746357968,-0.001095721873392716,-0.1256645005478418
670990,620,-0.03029165830899123,-0.021559960690703615,-0.021579098915282053,-0.008712559393709182,0.49424359148542063,-0.03207302335787626,-0.0003471051130149886,-0.1265327944022008
677955,295,-0.026782846839135736,-0.021492849711648495,-0.02151694533949901,-0.005265901499636728,0.5010160708424332,-0.026888753520615604,-0.0008207445135816721,-0.1258669339776022
806188,359,-0.023761080951467044,-0.021492685476397388,-0.021491993205574024,-0.002269087745893016,0.5137187145107096,-0.0269454679462667,-0.0007756666392967225,-0.11912137469735906
695076,224,-0.028588371614003277,-0.021382143502866442,-0.021409222776193736,-0.007179148837809539,0.47145550810193243,-0.028618102901391423,-0.00012874110807368597,-0.1271488807474255
702674,311,-0.02342902556921104,-0.021372210415356946,-0.02138458781757161,-0.002044437751639428,0.47460952612056234,-0.027168891384141563,-0.0012157520548166326,-0.1179258605940653
656457,551,-0.025452882646269378,-0.021316581855876305,-0.021318895907510856,-0.004133986738758526,0.48009908375114524,-0.027063596661755486,-0.0005572520620191837,-0.12448743261761729
548384,367,-0.025403318323060177,-0.021248265249964083,-0.021254675737781663,-0.00414864258527851,0.46682202871442696,-0.025405598932099892,0.0002017171103129105,-0.1303052925439937
642152,368,-0.020085556520326203,-0.021194398840903066,-0.02119608347639694,0.0011105269560707377,0.47573634017657457,-0.020640687836429604,-0.00010431227535462417,-0.12645821514424413
678022,287,-0.027691164734493356,-0.021098091075144626,-0.02111532066802304,-0.0065758440664703205,0.4532697796227459,-0.028846223810194953,-0.0021312803819936166,-0.11820437870289409
656887,224,-0.030074750779303876,-0.02107987472078491,-0.021110929291218068,-0.008963821488085808,0.43465586351510443,-0.03367975606484425,-0.0012445846576431148,-0.10602353969879989
666204,253,-0.018656013111046556,-0.02105189130595464,-0.021039316096265928,0.0023833029852193726,0.5341494574508343,-0.021651961228022785,0.0005614947221851874,-0.11596501643010575
669796,214,-0.01578556974125245,-0.02099309628374862,-0.020966274762591868,0.005180705021339416,0.5365867991577581,-0.021841943031833618,0.001557099872670247,-0.10414317695844058
543766,333,-0.027405568839222443,-0.020938826014970838,-0.020965384181842545,-0.006440184657379903,0.47083559837922667,-0.031150279617884597,-0.0015748254658081726,-0.12277597406178065
642528,348,-0.024446302955667607,-0.020943474005786212,-0.020961780706946487,-0.0034845222487211217,0.498995015464528,-0.0264111545563939,-0.0010710846955909795,-0.11163677903299037
670329,299,-0.01902758983264482,-0.020948698553101417,-0.02095925590964825,0.0019316660770034274,0.4586767760215752,-0.020133526152771416,-0.0008180524141275494,-0.12133567955599008
686930,182,-0.022569316341550617,-0.020945866109058225,-0.020923079091734458,-0.001646237249816159,0.5304713137876659,-0.022604608089011304,-0.0007453514426206013,-0.11199237444457456
667297,321,-0.0227235013354355,-0.020849083956555714,-0.020847699013968456,-0.0018758023214670383,0.5223451746137621,-0.02399210260745876,-8.023321326709432e-05,-0.12439887991909476
694361,164,-0.027390487670797145,-0.020714943057231226,-0.020744417708932452,-0.006646069961864693,0.4101836226105402,-0.032199226241038666,-0.0023480372360389226,-0.10707471740356463
621016,323,-0.02551517413954459,-0.020679168161520534,-0.020672461193203293,-0.004842712946341298,0.4585396084300909,-0.027203320663557164,-0.0006218015443773165,-0.10948876648643847
675512,302,-0.02462526638902749,-0.020642616799961426,-0.0206593405932412,-0.003965925795786291,0.457396319633861,-0.025050547338981616,-0.0001558914066396549,-0.13282122601560434
663992,346,-0.024572274120098075,-0.020467982260439034,-0.020485111859365576,-0.004087162260732501,0.4971868574108856,-0.026390801404930657,0.00028310803486584634,-0.12237042957881486
593334,310,-0.024097154433465856,-0.02041643646913931,-0.02044155179873665,-0.003655602634729207,0.4395771233518695,-0.028539595177968568,0.0009707470560735815,-0.11507899902059328
695549,377,-0.024517122194146958,-0.020314877920448907,-0.02032252522464091,-0.004194596969506046,0.44630041329795406,-0.02674056680685454,-0.0010389049071136281,-0.12384737876372041
676661,380,-0.021324829481994302,-0.020220055322977597,-0.02024234108581305,-0.0010824883961812512,0.4823067366986441,-0.02534465999245842,-0.00041074598459538825,-0.12093757191402256
669422,384,-0.018571777869170927,-0.02015631167570517,-0.020156162454967198,0.0015843845857962686,0.4424034630713974,-0.02095044697553942,-0.000962124756281707,-0.12107683820951069
621121,429,-0.02618317853757409,-0.020145711648217907,-0.020137189042623654,-0.006045989494950438,0.46736593548841254,-0.027160189517360957,5.476362911337277e-05,-0.12766471055735318
607644,317,-0.018963633828282166,-0.020100814300355617,-0.020108048739999797,0.0011444149117176318,0.4482721974455511,-0.020084179444494612,-0.0011410243276072497,-0.11592218264775565
664353,308,-0.01921102991039539,-0.020059543865616817,-0.020071227396586747,0.0008601974861913561,0.4372168155906458,-0.02184587809203276,-0.0002516246953161092,-0.1028454573310414
678061,306,-0.024791153214950318,-0.02003940026251756,-0.020060252054706962,-0.004730901160243355,0.5310915275360991,-0.027440353545048944,-0.0006173234707937547,-0.11103130418316799
678906,281,-0.023243014509948232,-0.020034860428660727,-0.020055187355533986,-0.0031878271544142464,0.536056517750852,-0.02600198044761858,-0.00164716401847268,-0.10660731452933264
664294,254,-0.019750845855791076,-0.020032435680705514,-0.020033699192793998,0.00028285333700292,0.4857829242365662,-0.02106389280641901,-0.00013789715621969375,-0.11220530639235476
642239,273,-0.02262517454204825,-0.01997639330099671,-0.01999112352321854,-0.0026340510188297126,0.46430461632873204,-0.024723838632021093,-0.0006718667190416463,-0.119872420899856
656578,301,-0.02029151142108996,-0.019930330059232178,-0.01994118157337831,-0.00035032984771165134,0.46600339536911795,-0.021284078810859548,2.2357240778008828e-05,-0.11819654809020727
688158,359,-0.025761016071721942,-0.019899934020691474,-0.019939218325189037,-0.005821797746532905,0.46053163820601856,-0.02816777222593251,0.0006543619258619572,-0.11233343739376109
675921,276,-0.026593850656157967,-0.019881229235897642,-0.01991782102108077,-0.006676029635077195,0.45254233989028375,-0.0277778603816901,-0.0021800770255166885,-0.12317174057519033
600986,315,-0.02227137133973889,-0.019845973477557587,-0.019853439126648234,-0.0024179322130906565,0.42729951427289303,-0.024487433818042793,-0.0008885195053470539,-0.11802308759515072
687830,378,-0.024260062640925045,-0.01976376284352492,-0.019782019726953228,-0.004478042913971813,0.5001975600521334,-0.026714692485353415,0.00030186551300297057,-0.11997695797937295
647315,388,-0.023070664321414858,-0.019698262603554895,-0.019705534393132766,-0.0033651299282820937,0.45531800163475616,-0.024732211665043313,-0.0007406219844105341,-0.11959034403782655
689690,363,-0.022710103858625437,-0.01965121065865794,-0.01966457231379292,-0.0030455315448325152,0.4139028262610608,-0.024025890697460486,-0.0008580912244367368,-0.11647014919812027
694350,265,-0.02045719788806223,-0.01964434558578589,-0.019654006632825946,-0.0008031912552362849,0.4310880638846137,-0.02764923369286132,-0.0008465362448684829,-0.09024998016147512
663767,354,-0.02593155858298184,-0.019561050160684185,-0.019575304962565557,-0.0063562536204162835,0.48735775058133435,-0.02667072975859743,-0.0009250620984705252,-0.12674384708427625
676917,370,-0.0237372357079041,-0.019485372336783626,-0.01950256918483529,-0.004234666523068806,0.48417558733081156,-0.026261802950972492,-0.0016298282275079672,-0.11200111026460415
669920,500,-0.02871974348556542,-0.019479985108765297,-0.019492812645592713,-0.009226930839972705,0.45807267529901624,-0.031396714423321585,-9.276896424160852e-05,-0.1321331569790119
605513,385,-0.027761113281730528,-0.01947147347250297,-0.01947938478889403,-0.008281728492836501,0.5299009090661745,-0.031772071300901435,-0.0008167964717684876,-0.11708497868108508
543351,338,-0.02181890529930701,-0.019475833688345254,-0.01947687962827551,-0.0023420256710315005,0.4585978527962404,-0.02327593931586775,-0.0008237211794111654,-0.12808140310211497
547943,372,-0.020309561392937093,-0.019371476408029747,-0.01937608516951128,-0.0009334762234258126,0.4968275453778347,-0.021479947785536767,-0.0006376741761563329,-0.11318058742420985
800049,474,-0.015614978855225989,-0.01933874009230375,-0.01933743880491,0.003722459949684012,0.4555861988317421,-0.01749252623857982,-0.0006795433153075073,-0.11854029890443295
696149,218,-0.028699444188305837,-0.019256291768357626,-0.01929019893335621,-0.009409245254949626,0.46920753895128925,-0.030320984165119132,-0.0004942669721027212,-0.10882362776790644
676760,316,-0.020357880652026174,-0.019246990963683867,-0.01925547292106089,-0.0011024077309652884,0.4773151072470982,-0.02338135188181075,0.00017120252905049289,-0.10082326097656345
641703,368,-0.025703239140511747,-0.019211406885735763,-0.019244940605070485,-0.00645829853544126,0.46678172775500903,-0.026388119323139347,-0.0013247298061321155,-0.1260625780808195
606965,376,-0.020551127721537155,-0.01924352937654659,-0.01924375821670885,-0.0013073695048283064,0.4652028129684161,-0.02608623317187941,-0.0016972306140722257,-0.10855983056012818
806960,344,-0.016776880727138784,-0.019154855355590677,-0.01916478660993792,0.0023879058827991333,0.42966333446786176,-0.01799946200817922,-0.001924279820649018,-0.11977589050419765
691799,268,-0.028267195132553585,-0.019139662392612312,-0.019149145087400354,-0.009118050045153231,0.4320715268411848,-0.031124904375873206,-0.00014638163731294174,-0.11289018470284447
666205,540,-0.02385325568579967,-0.019073844954942198,-0.019078242342093436,-0.004775013343706234,0.4612768272895917,-0.026095441285963562,-0.0012517215308752202,-0.12286758378509491
642216,382,-0.021778417908834155,-0.018947031937259544,-0.018942148928356713,-0.002836268980477444,0.47398920645218584,-0.02468882617839303,3.1195492837415406e-06,-0.11734811198028706
680735,298,-0.019664161083772305,-0.018890018878658245,-0.018918295302433344,-0.0007458657813389613,0.4818907116069208,-0.021221392439023812,-0.00017165990589186793,-0.1185561592354645
687377,284,-0.014217724722893248,-0.018868846521779552,-0.018900378363706585,0.004682653640813335,0.4363735024719889,-0.015903011717571986,-0.0005731273793348272,-0.11395199535470801
700363,386,-0.026688934546790142,-0.018853794110191016,-0.018864249503580597,-0.007824685043209547,0.4539527339301226,-0.028592400866982812,0.0005432274710411133,-0.11414371813032824
685107,368,-0.02306655683107691,-0.01883412349086886,-0.01884037969070964,-0.00422617714036727,0.46160989200815505,-0.023739149390333728,-0.0016916201601155124,-0.11913734526006031
572971,345,-0.028429895110785048,-0.01882078789504466,-0.01882425097668114,-0.009605644134103907,0.5078113990362265,-0.032238913620996276,9.922743455027314e-05,-0.10357874730860699
668868,380,-0.022437963295166723,-0.018747924428493837,-0.018755145056041006,-0.0036828182391257175,0.43050106711017966,-0.02614913622705626,-0.00040600045599216113,-0.115281985810769
687888,493,-0.024941849547524306,-0.01858294883492073,-0.018592494795743382,-0.006349354751780927,0.4748608972302654,-0.026080569879388428,-0.0005274580023682388,-0.1239139911413836
681217,343,-0.024392790135310483,-0.018565639344283826,-0.018575526519262225,-0.005817263616048256,0.47048548499090775,-0.02990702384525158,-0.0006875061491026839,-0.1054557242867689
670766,354,-0.019811996209366755,-0.018568602512287886,-0.018567623735136016,-0.0012443724742307392,0.4574118134691744,-0.019877479636583036,-0.000530259803331688,-0.12511230988298896
674072,442,-0.021449352009198133,-0.0185415456131945,-0.01855472182870331,-0.0028946301804948214,0.4310628554137873,-0.024961230150781884,-0.0013481174097096846,-0.11552521291201377
700669,389,-0.023125168979238508,-0.01850348885699913,-0.018536366673345538,-0.004588802305892974,0.4401921218326014,-0.02625105266715285,-0.0006797596424249317,-0.11602073433942668
572143,400,-0.02181463678018986,-0.018491443441630263,-0.018490562191743422,-0.0033240745884464333,0.42636937717501167,-0.024166328764319688,-0.0011001570746921705,-0.11977761302281884
661527,442,-0.025140691278726767,-0.01844126240037648,-0.018458530167809146,-0.006682161110917621,0.4336519268218466,-0.02546606443633084,-0.001120948148964708,-0.12605996902216943
425844,335,-0.02244532553880249,-0.0184421556578733,-0.018453672956047083,-0.003991652582755409,0.4793991286947462,-0.02462187423119143,-0.00031022798346423225,-0.11511112405169968
664776,235,-0.026318101785241688,-0.01836470394949275,-0.018423900001001657,-0.007894201784240025,0.5296846213897947,-0.03646913627538593,-0.00015952137455797506,-0.08913628685743165
622786,421,-0.02423017469884645,-0.018286015499856683,-0.018312975091809704,-0.005917199607036745,0.49960347359606355,-0.028399053793780323,-0.00011962087761400364,-0.11154135112775942
669020,292,-0.016508833619082525,-0.018274813717187897,-0.018268514344617282,0.0017596807255347573,0.4280696799010954,-0.018189577508835528,0.0003558101682088184,-0.11609758380111379
571863,253,-0.01963229810100675,-0.018225978398428815,-0.018252121235344632,-0.0013801768656621198,0.42926639029932334,-0.02254840094703496,-0.0005222630627815569,-0.11497046665451027
663562,345,-0.018250836915918094,-0.01818337404863592,-0.01817706215982748,-7.377475609061888e-05,0.4664571902018712,-0.019046384295648366,-0.001134872243850345,-0.1259074508189723
630023,441,-0.02242309454988738,-0.018134304575580806,-0.018145476105720437,-0.0042776184441669415,0.4414046382272915,-0.024979950710993248,-0.0005427377051157041,-0.11830968544644055
679358,338,-0.0180734497059986,-0.01810370637172344,-0.018099006560386814,2.5556854388212215e-05,0.43888437679699455,-0.019991361617768207,-7.779286444833613e-05,-0.11551977580008936
608638,363,-0.02559281359167131,-0.018050010813816283,-0.01808110047161548,-0.007511713120055831,0.5014126370197309,-0.030131399225957464,-0.0007392251853155405,-0.12079931915633592
663671,257,-0.020174457082670218,-0.018060404016477592,-0.018064975985068305,-0.0021094810976019117,0.445198442065508,-0.022037679260070116,-0.0006113845074942639,-0.11227712940030508
445926,490,-0.025133916940331052,-0.017984155967293542,-0.01799467426480363,-0.007139242675527421,0.42937937037665436,-0.02642633889552075,-0.0005647972275736144,-0.11971775439314673
681869,566,-0.023009919872733174,-0.01794760525118284,-0.01796016917433397,-0.005049750698399208,0.45317138741405427,-0.026956645247235823,-0.0011114952294834187,-0.11443887280382553
665660,341,-0.01914320761546924,-0.017910212734650332,-0.017929570535446235,-0.001213637080023004,0.43478171212334005,-0.023152174827595233,-0.000999269619180552,-0.11252133349805087
448179,439,-0.01731311597917865,-0.01788160950282092,-0.017884661958948587,0.0005715459797699388,0.40659639260219366,-0.018917754144772977,-0.00012765885416509017,-0.12176251666060944
596112,236,-0.01723834629940852,-0.01788652531907128,-0.017881844554684605,0.0006434982552760844,0.5117958235986025,-0.028942350430393296,-0.0003987860507408453,-0.08815829260386077
672851,460,-0.02199888835737081,-0.017810740358483148,-0.017807234498400427,-0.004191653858970387,0.4299974388186678,-0.023682065139756816,-0.0002623025155959592,-0.11154358273416759
666159,542,-0.0211537856560991,-0.017758238488370368,-0.017771077450471066,-0.0033827082056280336,0.47188690170797404,-0.022627331218451206,-0.0008787859083877093,-0.12266579909908239
622098,375,-0.017105334739154692,-0.01774203028226762,-0.017753779778724072,0.0006484450395693806,0.4281027498778411,-0.022356817060889607,-0.0014171242026932845,-0.10968792248372004
685801,262,-0.02023755016851254,-0.017711230691636316,-0.017725271414124385,-0.002512278754388158,0.45499437779082774,-0.02124031898754386,-0.0011820405202956066,-0.10323849610723211
666818,262,-0.021288301097520966,-0.017642600621293688,-0.017711923340850522,-0.0035763777566704437,0.5032681924748633,-0.02746175316304516,6.1266053401871505e-06,-0.10568739399259307
690925,218,-0.023539433785702845,-0.01767406965173557,-0.01769817885717093,-0.005841254928531918,0.4777496848356932,-0.028999204429432265,-0.00014291028835853765,-0.1048633676808843
663462,290,-0.027949424487535256,-0.017661007032638776,-0.01767775990021772,-0.010271664587317531,0.500775200406166,-0.031195041493770295,-0.0003698805997284614,-0.11397090663256028
640470,310,-0.02019465045756437,-0.017594244050952782,-0.0175912147353678,-0.0026034357221965706,0.4819929605068947,-0.026365258789154754,-0.0005218097415646615,-0.11885473111664625
641672,459,-0.022412777987895212,-0.017555500426628044,-0.01754527862452626,-0.0048674993633689495,0.4578092093593532,-0.027655809983469577,-0.0007208168941067923,-0.11096813739861296
668820,273,-0.020763989277695922,-0.017546542347673024,-0.0175414547230541,-0.003222534554641822,0.42562627520586216,-0.02111450057251853,0.0007179474831435001,-0.1242315376535163
502624,674,-0.017930410822078538,-0.01748771653068824,-0.017526482640589196,-0.0004039281814893443,0.45622695732867974,-0.020208147039110332,-0.0009473796554702544,-0.12055597378308565
669684,489,-0.019554739462553466,-0.01747828500182986,-0.0174937998953425,-0.0020609395672109704,0.48611782616021154,-0.021707842427187696,0.00024864109731879643,-0.11729753509917527
680880,289,-0.021810891536435062,-0.0174667709974303,-0.017486384229371457,-0.004324507307063606,0.47423557799020083,-0.026214013876608294,-0.0008634175782133653,-0.10375918706459865
701487,257,-0.023850595173005223,-0.01744980889782286,-0.01746264002247008,-0.006387955150535145,0.44085644549881886,-0.028991058794773695,-0.0009908923314349957,-0.1098376509396749
519008,438,-0.024957596528146966,-0.01735694658456153,-0.0173518629017303,-0.007605733626416665,0.44440788547217835,-0.02729756083065075,-0.0007724973363019445,-0.11705309609092325
660787,358,-0.02532005114511138,-0.017225704627489673,-0.017250557202926353,-0.008069493942185028,0.44204369226817664,-0.02571018482407637,-0.0006279026320802322,-0.12824219686720278
694462,413,-0.0204644880244047,-0.017231394663876392,-0.017248377319859957,-0.003216110704544741,0.48085045643729174,-0.023991841734265645,-0.00045150588430907995,-0.11869445866356773
621114,281,-0.02180430912889893,-0.017228772049364967,-0.01724156522046103,-0.004562743908437903,0.4726956227552483,-0.03316344159541786,-0.00019635913461078482,-0.10054253416388158
595928,302,-0.016123554978972717,-0.017207481084237888,-0.01721524102659049,0.001091686047617774,0.43797649650171877,-0.01818877058404569,-0.001013837717662151,-0.1150571889459919
674444,430,-0.02359609884558978,-0.017199433117539506,-0.01721177546499214,-0.006384323380597642,0.4094891686132159,-0.02497006829645581,-0.00041920527520847875,-0.12841225882233023
669459,227,-0.012752233277169076,-0.01722994659803224,-0.01719799152168995,0.0044457582445208725,0.46563114286508306,-0.014329728277589002,0.0005319397231629869,-0.11789711953925966
683175,296,-0.022333068238279664,-0.01716886430832286,-0.017175016556528276,-0.005158051681751391,0.479969307452119,-0.025900595667014855,-0.00045657562986157633,-0.10582910369009368
628711,367,-0.01845109401625341,-0.017143452602786914,-0.017146944464567562,-0.0013041495516858473,0.4177974936445128,-0.02012571538612248,4.8673617982137874e-05,-0.11221849304764814
641771,389,-0.020408884172923768,-0.01708299854223243,-0.017115559529707162,-0.0032933246432166057,0.4354715218408995,-0.02467451289013186,-0.0010049662670533145,-0.11267343516880549
671305,303,-0.021667844095278638,-0.017080698658045644,-0.017112849933736483,-0.004554994161542151,0.522003866949381,-0.02811238920750038,4.28725690964078e-05,-0.10398267478533871
664192,475,-0.01977150980173647,-0.017063599061659093,-0.017062009001064783,-0.0027095008006716857,0.41442752485783335,-0.021515568688989174,-0.0007083978772078148,-0.11280749098889706
669308,283,-0.021663374557680647,-0.017023524354691417,-0.017026674143351492,-0.004636700414329157,0.45059697358775275,-0.025344163430918044,0.0004983435634591811,-0.10490526822649894
660813,229,-0.030950512339734334,-0.01701483979982877,-0.017019131023345416,-0.013931381316388916,0.43784308668330024,-0.031430785944507426,0.0006160373200326967,-0.11294814048995686
541640,492,-0.01711435699569337,-0.017019217685039254,-0.01701874347989834,-9.561351579503083e-05,0.4545368284243218,-0.017795842793968283,-0.00026787037492303426,-0.12387445164656592
669622,664,-0.022024215420400343,-0.016980685599718704,-0.01699666801227097,-0.005027547408129376,0.45512764971505865,-0.024170005715984853,-0.0005636143093530308,-0.11876452117412702
666201,368,-0.02142421884303162,-0.016957834810000284,-0.016966114826873536,-0.004458104016158085,0.4342669243386751,-0.023999776339572853,-4.167361287359754e-05,-0.11543867396345842
669721,412,-0.019334903913767163,-0.016838129722384874,-0.01685924863268141,-0.002475655281085751,0.45419584469349067,-0.02117366296194363,-0.0009379069817151927,-0.11070507245893148
668390,399,-0.02058839525013455,-0.01677244939017131,-0.016782667974707847,-0.003805727275426703,0.4405987777718701,-0.022598431196905546,-0.0011080797082977953,-0.11130126353969905
656529,362,-0.018953707238270792,-0.01673927236368867,-0.01674231491601773,-0.0022113923222530614,0.4547695589705253,-0.02461588116997935,-0.0010785936472502424,-0.10780732203091262
623433,354,-0.02112263554389438,-0.016665888338930863,-0.01668411705750043,-0.004438518486393951,0.40118199361287127,-0.02263977592230531,-0.00018999935516295864,-0.1207247302549673
624522,278,-0.017716088608636767,-0.016667078506280814,-0.016677700485105452,-0.0010383881235313175,0.4642944199108726,-0.02265788801399546,0.0015067461481973442,-0.10844882934586382
701656,212,-0.01771552143303014,-0.016590556477722694,-0.016601966184193937,-0.001113555248836204,0.44595214646394404,-0.018040564818934894,-0.0008645599964396158,-0.10285081006604627
623474,755,-0.019336084846261946,-0.01655729865943622,-0.016562854004633698,-0.002773230841628247,0.42642493871716863,-0.02126467223543557,-5.2921055531893933e-05,-0.12807466269521522
681799,269,-0.026356959610238182,-0.016503680190813486,-0.016539803434168575,-0.009817156176069609,0.45358927095291685,-0.027915454247353654,-5.826723575398121e-05,-0.10929404624611616
664875,738,-0.026952067826138754,-0.016386196486601248,-0.01640181763046913,-0.010550250195669625,0.44872822754606406,-0.02960326510699088,-0.00046871422679320283,-0.12300351433384146
687922,392,-0.01621694447814502,-0.016396440547469904,-0.01639032303339504,0.00017337855525001783,0.4009672427440849,-0.017533500652885774,-0.0011113047683621161,-0.1110520259836941
622250,220,-0.014060415398696966,-0.016369034483129975,-0.01635326400015569,0.002292848601458723,0.43632654039166247,-0.01926771459046854,0.0014078175655586065,-0.09599352003797161
663765,603,-0.024392621561729933,-0.016332973566843358,-0.016344054633930162,-0.008048566927799771,0.4175830296738072,-0.025742248560462345,-0.000282598239427904,-0.1204819586711348
680686,503,-0.02167124795308523,-0.0163229647014351,-0.01632833804705664,-0.005342909906028589,0.43307965114249497,-0.024660768242014908,-0.0005661750271780335,-0.11213548971941456
543475,620,-0.01773804116148756,-0.01630574532621433,-0.01630773583469631,-0.0014303053267912457,0.4446086287641047,-0.021498566907727414,-0.0008127940574823382,-0.10946862323685634
674285,453,-0.024802892036191758,-0.016268969228502232,-0.0162844778960878,-0.008518414140103956,0.43653192210186903,-0.02627232622286431,0.00031982130687742584,-0.12054732678391007
678020,363,-0.024662318859363284,-0.016219357864243413,-0.01623162906099938,-0.008430689798363903,0.427760100333852,-0.026844972203750955,-0.0007042826482543485,-0.11176192680532317
669438,560,-0.01975150224427835,-0.01614035985913215,-0.016149220045427647,-0.0036022821988507046,0.44254264890759887,-0.02239229672369275,-0.0006689290720743242,-0.11611160235689617
642546,399,-0.022268099549064203,-0.01607924209105763,-0.016088788743238002,-0.006179310805826201,0.4774541884871807,-0.02780531347853325,-0.00016118465097607508,-0.1100371279642612
681347,708,-0.014148402284587464,-0.016073647249476374,-0.01606998588863669,0.0019215836040492253,0.4208341476493191,-0.016118585893884128,-0.00010559870959453312,-0.11665113009277252
641401,398,-0.0214642552682109,-0.015976600029992,-0.015981084301613366,-0.005483170966597536,0.43319558283823484,-0.02558973032586142,-0.0008795096135914734,-0.10885013758811578
663704,515,-0.02175617420112882,-0.015891681540486306,-0.015901107498035912,-0.00585506670309291,0.4751225649805748,-0.024993974074552082,-0.00032276616043943625,-0.11806845238130867
676617,375,-0.02374268059961553,-0.015841729532599214,-0.015839764312317043,-0.007902916287298488,0.4545721818107534,-0.029886291192211544,-0.0002589312932053574,-0.11250747239733967
669371,392,-0.012821598862134943,-0.015747463452894263,-0.01575861708342686,0.0029370182212919167,0.383964682394584,-0.014519747011435751,-0.0011072213997309114,-0.11895071302642783
666277,748,-0.02019986271533839,-0.015740093861360653,-0.015754430746016606,-0.004445431969321784,0.43628396690516386,-0.024912190200454213,0.0001801877296385722,-0.1101620749064613
672710,536,-0.017137847649188746,-0.015726992255149445,-0.015737355958273996,-0.0014004916909147488,0.44576145171286735,-0.021041963135488638,-0.00039850707963707605,-0.1109258898290071
660761,576,-0.019743624711774942,-0.015717784795878112,-0.015734211606791358,-0.004009413104983583,0.4637682017388934,-0.02804771085216056,-0.0005187206679486618,-0.10561310711067956
670046,418,-0.020435755674205865,-0.015703217141357726,-0.01572617278024112,-0.004709582893964747,0.43460157083676354,-0.02597554615232761,-0.00041339953247093443,-0.11240865016199487
605347,697,-0.020805802978616814,-0.015610751802057869,-0.015626174311942253,-0.0051796286666745605,0.4436844546127205,-0.024577012255625964,-0.0007579272955927443,-0.11131545478549468
592779,422,-0.02198476250766109,-0.01560809939566454,-0.015624596409606107,-0.006360166098054984,0.4128394076318659,-0.02306908814497616,-0.00024096360016029463,-0.11304781308396757
518617,416,-0.022210900929288915,-0.01561498632258598,-0.015619494692560845,-0.006591406236728068,0.43696205364496987,-0.023042897385790573,-0.0011422831070488483,-0.10960885553942552
672841,496,-0.023312123229026687,-0.015581465094773584,-0.015583692766695823,-0.007728430462330866,0.44525178741826776,-0.02455840576777697,0.0008733843472294141,-0.12027038080241843
696131,334,-0.018613411349717904,-0.015561046196315372,-0.015567878004655153,-0.0030455333450627505,0.3777341198292443,-0.021674468946150223,-0.00045256161806521525,-0.10330396437574903
681035,378,-0.018815613598371424,-0.015542777281058422,-0.015546695237466704,-0.003268918360904721,0.3848674376361605,-0.019284655047491443,-0.0005996604901696994,-0.1162094444794745
689266,374,-0.019177568010722852,-0.015519458464674132,-0.015530468896024678,-0.003647099114698176,0.43331586010708945,-0.023638172010745546,-0.0018748323952623041,-0.11116293528556415
690928,412,-0.01939679438243615,-0.01549531623857173,-0.015497160810205015,-0.003899633572231133,0.4233780178855289,-0.021847434358906546,-0.0003696826176272427,-0.11219666498127376
663773,532,-0.017439899991684257,-0.015499256588361477,-0.015493847888591422,-0.001946052103092838,0.4562658019081549,-0.021170449792281654,-0.00016713567358892116,-0.11208353818473848
608678,365,-0.019673896389509837,-0.01549181553798429,-0.015488761291367647,-0.004185135098142194,0.4679362424646316,-0.02949494417321469,-0.001587335165900891,-0.09226213563389749
621366,522,-0.020944415028281302,-0.015445454845340274,-0.015448301055294168,-0.0054961139729871366,0.42342352549538476,-0.025945572242080328,-8.716700434658761e-05,-0.11450720154348744
605121,416,-0.021312070533506994,-0.015449477817589844,-0.015447178489204922,-0.005864892044302073,0.45269953976047855,-0.02610155996261387,-0.00022096043290788226,-0.1019274835461926
656638,354,-0.019459991116575502,-0.015411303058998212,-0.015411001578644515,-0.004048989537930991,0.44937140710686896,-0.03152011183271983,-0.0006477306846312686,-0.09996591239751482
613534,344,-0.023239449353761387,-0.015327032346315932,-0.015341023180151785,-0.007898426173609604,0.4568927356608647,-0.027609612151005217,-0.0013062698946585173,-0.107261784577689
687396,329,-0.016361874475864638,-0.015285918336118257,-0.015303478676392786,-0.001058395799471851,0.4586757592018878,-0.018502669679264287,-0.0006675837479145414,-0.10193884056645407
681402,301,-0.020371309053283635,-0.015288171807165435,-0.015300029961675175,-0.005071279091608462,0.40213309611405545,-0.022434810888451437,4.4910655793199274e-05,-0.11117237388606244
681870,311,-0.011548490992883178,-0.015252037768959493,-0.015265582445878941,0.0037170914529957616,0.41316770505479217,-0.01473564704728907,-0.000824693703895067,-0.1033969660522295
676467,694,-0.019455043069791112,-0.015175949215722568,-0.015188936854675886,-0.004266106215115226,0.40401214099329513,-0.020922442653716438,-0.00044079832122587696,-0.12227302132344432
666171,524,-0.020701528140843098,-0.01516167732522552,-0.015163268517450333,-0.005538259623392766,0.44718857593220246,-0.02351649492482386,-0.00033464191784808757,-0.11277515475083816
690953,335,-0.013416747301900327,-0.015013895115094917,-0.015033577415363224,0.0016168301134628978,0.38777154626624094,-0.015527328433606524,0.0003098432939122502,-0.10408488021991678
688138,576,-0.021122823007007456,-0.015003072673132075,-0.015013845415512463,-0.006108977591494995,0.42514727768510685,-0.022719758269267393,-0.00021337446377829133,-0.1158483840668106
686539,530,-0.02164237670321118,-0.014969188334847715,-0.014975640712683787,-0.006666735990527393,0.4564061471924304,-0.024921632348428195,-9.390399894032793e-05,-0.11791609307679374
493603,564,-0.01998281242803561,-0.014951320762811231,-0.014958145406801335,-0.005024667021234273,0.4008087332596601,-0.02103469787132461,-0.0012387678862388642,-0.11119692412178658
660271,569,-0.024491606476283324,-0.014880510572035129,-0.014889827262049182,-0.009601779214234144,0.416885835693072,-0.027180786213657958,-7.331459677434212e-05,-0.11848223601142524
518397,577,-0.02063619266989565,-0.014889512599389481,-0.014888998725773227,-0.005747193944122426,0.427320881868959,-0.024713888813279877,-0.00017062818914908952,-0.11712982630967007
673380,346,-0.01759196815169544,-0.014875347538219412,-0.01488152305344618,-0.002710445098249261,0.4407072477001849,-0.02169317804063939,0.00026412022272783223,-0.10752169106663606
608650,380,-0.01988070997765454,-0.01486204914409111,-0.014871934481189746,-0.005008775496464794,0.3969359256802039,-0.02334799672293301,-0.00016445493414779337,-0.10148842570526816
687064,424,-0.016857343703562355,-0.014836896810540165,-0.014852125464840476,-0.0020052182387218765,0.399714978196681,-0.019819676799465388,0.0005050030914714767,-0.10243552622266722
686610,541,-0.018965638308767945,-0.014832867833737036,-0.014843904474398796,-0.004121733834369148,0.37701220711618977,-0.023304034615079825,-0.0012034080267942177,-0.109778790731559
672782,600,-0.01411369018142627,-0.014824350855557713,-0.014831515057333234,0.0007178248759069628,0.39620014777589657,-0.017300660247681263,-0.0005360073606676118,-0.11175669170579586
678024,664,-0.021837550702740703,-0.014796234123063426,-0.01480959688669064,-0.007027953816050062,0.4234179622739128,-0.024360222092256974,-0.0010215888596538539,-0.11089070996804204
642048,508,-0.01809423424511538,-0.014760989345478712,-0.014759983491062788,-0.0033342507540525903,0.44636468258172063,-0.026090265183898037,-0.0008440896932636597,-0.09517020441155075
669711,1018,-0.020211297226772246,-0.014741734144587374,-0.014752067929466295,-0.005459229297305953,0.41519161264579174,-0.02268064117772201,-0.0012255407376664514,-0.11340642460950012
656234,861,-0.02062580572343975,-0.014719240600149737,-0.014719733839201329,-0.005906071884238419,0.423371493956589,-0.023984575033420618,-0.0002843097062690714,-0.11843417104009334
663542,562,-0.026167128940931657,-0.014662026421361322,-0.014674495482758823,-0.011492633458172835,0.3972258396507955,-0.027435772483950717,-0.0006050727659673793,-0.12037435660937156
519293,443,-0.016031048853191808,-0.014632651800709794,-0.014644089829210751,-0.0013869590239810564,0.41191842466775264,-0.019354012668129278,-0.0007541507732093024,-0.11529841617943236
677952,530,-0.019726918259425425,-0.014593660275078742,-0.014600571355454263,-0.0051263469039711605,0.43802097174670224,-0.02333793891902447,0.0001046770434170509,-0.10592673763816278
694335,392,-0.02118105445703873,-0.0144343350883054,-0.014431074077528453,-0.006749980379510282,0.3945240806695385,-0.022181977694160783,-3.5462912427292846e-05,-0.1198839474852095
489119,478,-0.01610953448263755,-0.01433052062679821,-0.014341810856683353,-0.0017677236259541955,0.4553739424098514,-0.01973409801145595,-0.000905770684273044,-0.10725156289194522
669947,430,-0.01632350322001515,-0.014339158348747633,-0.014335150639497581,-0.0019883525805175677,0.4417561964250475,-0.02594590488857625,-0.0010903080821937307,-0.09828289419372696
687134,704,-0.01589991269520792,-0.014329171148863486,-0.014328391657825974,-0.0015715210373819456,0.3962905100622486,-0.01873370260925983,-0.0009661050104593013,-0.11502827200577528
655889,474,-0.020480194360046722,-0.014309134518159666,-0.014311808768502153,-0.006168385591544572,0.4510177753307747,-0.02399582413923295,6.185105040604831e-05,-0.10755309177846828
664199,568,-0.017023728407214025,-0.01421658472536005,-0.014224536036289289,-0.002799192370924735,0.41880006279902837,-0.022555979987070405,-0.0001683509351659082,-0.11032006723171021
657053,688,-0.018629396356964957,-0.01422248815482405,-0.014220219183630341,-0.004409177173334614,0.4471580381705412,-0.02544755648960084,-0.00019687613783945032,-0.09713799054090418
594580,564,-0.0171545554151158,-0.014187447486800373,-0.014193714266240174,-0.0029608411488756263,0.4401182515935601,-0.020257761847285588,-0.0010098818815907355,-0.10589332722798919
669330,372,-0.008155467001249382,-0.014120964714439172,-0.014136026812374278,0.005980559811124895,0.38875577753250823,-0.012142678062731602,-0.0005795688900645786,-0.10586624172758562
641835,551,-0.020968841743754345,-0.013993676043804377,-0.014003920377992314,-0.006964921365762028,0.40780238337430863,-0.024130920843086313,-0.0012203027620078365,-0.1080390095427069
642121,336,-0.016048831837078628,-0.013951115852727005,-0.01395211183542456,-0.0020967200016540678,0.4277115953495881,-0.020364701773624455,-0.00023626088479757347,-0.09474302183045138
663969,778,-0.01877494742431859,-0.013934549887550473,-0.013941619771890729,-0.004833327652427863,0.45137451034451453,-0.025778566677476435,-0.0006001121414926079,-0.10633301245281652
605182,670,-0.0167349577632552,-0.013928108901206089,-0.013937535773450329,-0.0027974219898048705,0.3912988254380516,-0.019169344422944323,-0.00043435179612940554,-0.11161675889272928
656412,645,-0.018311727465592002,-0.013849426977753994,-0.013861241325295403,-0.0044504861402966025,0.45955029995712726,-0.024649612471528148,-0.0011019224645354149,-0.10139683970717484
543518,564,-0.020674646740893723,-0.013841424522693402,-0.013847757516503053,-0.006826889224390669,0.43291459795941284,-0.02579794702902708,-0.0008185298315844712,-0.10753484486346995
571670,549,-0.017670585253152574,-0.013783393304717317,-0.013786336360539912,-0.003884248892612664,0.39503387609653196,-0.02019361349224855,-0.0007564892021335465,-0.10876295774595586
671345,639,-0.024453359733144713,-0.013781250742846356,-0.013784156982712846,-0.010669202750431865,0.41810691366217284,-0.027753641160521363,-0.0007305978953500452,-0.10677417604213174
693855,463,-0.014925547242941067,-0.013777433760086746,-0.013771154228104874,-0.0011543930148361949,0.3856355510866806,-0.01721917493196376,-0.0005687816869400421,-0.11419851472039572
672335,696,-0.02084294398229396,-0.01375314750937996,-0.013756257914908204,-0.007086686067385758,0.416868965915733,-0.024316697957645562,-0.0006135656937321817,-0.11555150241584945
641585,694,-0.014265984457968322,-0.013736350849400605,-0.013744703628373716,-0.0005212808295946053,0.41671644504776373,-0.01896291460519013,-0.001499735054389455,-0.1090201157773709
680742,380,-0.01964567573431031,-0.013714161854697307,-0.013714199999644367,-0.00593147573466594,0.4222627064605489,-0.02503523902123227,0.000793125337808897,-0.10078107657278339
657514,853,-0.022322779160779332,-0.013666303083450486,-0.013671998968642041,-0.008650780192137292,0.3733732830533331,-0.02500410105283942,0.00018079952629500173,-0.11760122646491027
621051,828,-0.015594247314843287,-0.013636452998379662,-0.013640955062425564,-0.0019532922524177223,0.4015235499903723,-0.018261021331034518,-0.0006363869869421943,-0.11468134456909111
689254,372,-0.011109653080878109,-0.013633596630235566,-0.013635147432454689,0.002525494351576581,0.39559061556009084,-0.013522072518315909,-0.00018800347794520767,-0.10604476644455312
680755,338,-0.011060484652652977,-0.013554646545251542,-0.013555960285076938,0.0024954756324239605,0.4194098191286921,-0.016262578517998068,0.00024994419937081726,-0.08732985574141552
669084,671,-0.018846195980931915,-0.013522645039031719,-0.013527167704231924,-0.005319028276699992,0.4061371010030998,-0.021995591299760718,0.0003672951832263816,-0.11017358440983632
676879,591,-0.017997094745637866,-0.013518965131071892,-0.013526246713874361,-0.004470848031763505,0.43075144060315723,-0.024387399906559394,0.0001756711907879882,-0.10480526048583053
682227,596,-0.018576557449090553,-0.013497011014492051,-0.013514591842444048,-0.005061965606646505,0.3960538728824318,-0.02061058721468968,-0.000472416319155837,-0.11465757138567571
679885,683,-0.021010999408097083,-0.013507505570878726,-0.013513397329187552,-0.007497602078909531,0.4263276526871706,-0.025823588616986942,0.00029092806952077556,-0.1020126356417102
663465,679,-0.016494110677381282,-0.013477376282084336,-0.013487682086879395,-0.003006428590501889,0.39530061569985087,-0.019321435142233757,-0.000655631466648159,-0.11371531555914907
677958,615,-0.022170313006157506,-0.013439268107870283,-0.01344958724988798,-0.008720725756269527,0.39287610729851186,-0.024896286060865795,0.0002899706153819568,-0.11188842590697602
677161,698,-0.019224995767524126,-0.013359452026608279,-0.013359827755024645,-0.005865168012499481,0.41891148563487685,-0.021857163305960898,0.0003964566192585743,-0.10587549572650778
622072,585,-0.01930508577265206,-0.013331810480059781,-0.013334732358719023,-0.005970353413933039,0.4158306643500873,-0.0208608131842701,-0.0007439375890315998,-0.1138875768597848
675627,475,-0.015988142644186906,-0.013275342772996938,-0.013281951815338948,-0.002706190828847958,0.4079836680530974,-0.02356217104636274,-5.607724807825357e-05,-0.10408313800552078
666745,534,-0.012871533249556153,-0.013258644550336226,-0.01326875891093192,0.0003972256613757683,0.4089848446353991,-0.013846276985344484,0.00017109165676861438,-0.11667127399656936
820862,270,-0.012929129951282084,-0.01324058076732404,-0.013233758219314764,0.0003046282680326811,0.4411360054103573,-0.017625015551759108,-0.0003014785589579864,-0.09558053301028539
642585,412,-0.00946222678799495,-0.01323211464314613,-0.013231211270136135,0.003768984482141187,0.42918313943931685,-0.015740994942919858,1.6376383454603597e-06,-0.0942959675210885
669456,355,-0.013394082798778134,-0.013223893995512678,-0.01322803329614062,-0.00016604950263751105,0.4294736763364319,-0.01981910785330138,-0.0006242059506530972,-0.09692139128861446
690916,514,-0.020616497979162363,-0.013215711408755926,-0.013223287126730654,-0.007393210852431707,0.39099773234228075,-0.025001659642334757,-6.609122355835302e-05,-0.0988818712557743
670059,769,-0.01654680459605596,-0.013200826054909997,-0.013205464823058708,-0.003341339772997255,0.4153317653583488,-0.0208108554946309,-0.0003050789209042084,-0.10926472172619082
663878,638,-0.010836772425959639,-0.013187484873632171,-0.013192267085414303,0.002355494659454665,0.3898956496331193,-0.015553064612666362,-0.0007385155927279127,-0.11284747218854506
519141,372,-0.010140913732995544,-0.013159105563912338,-0.013163735711431673,0.0030228219784361296,0.32733728458387246,-0.015884650095319437,-8.805077370371721e-05,-0.09802004017607788
801403,785,-0.025174158719499667,-0.013137296706329503,-0.013151539558709737,-0.012022619160789927,0.38084914506474804,-0.027521602294110874,-0.0007148829330407059,-0.1161577165782602
519043,603,-0.01468000256224422,-0.01314148122507978,-0.013147275246898765,-0.001532727315345453,0.38013456184198186,-0.018743957172931758,-0.00040919155338767276,-0.10009925345254828
669674,741,-0.014341108959649905,-0.01310933744520023,-0.013112720699355776,-0.0012283882602941306,0.38798340237668,-0.020236710172964398,-0.0002998014344592201,-0.10562926091625231
456501,487,-0.01729301940179371,-0.013073802834381955,-0.013066013334813024,-0.004227006066980685,0.3984733708318825,-0.02077355164729777,-0.00014751240705656956,-0.09821124657294794
554340,631,-0.015913961696114247,-0.013007288621329877,-0.013012668515451586,-0.002901293180662661,0.3909058892609055,-0.019530228145724332,-4.7553447200726906e-05,-0.10140471617418989
641360,335,-0.011134237378196427,-0.012994417886285865,-0.013010294540604298,0.0018760571624078712,0.36048481859655745,-0.01632478719922802,-0.0007114741319009512,-0.09380840292638828
682610,746,-0.014814542111771687,-0.012931760618481631,-0.01294179716272559,-0.0018727449490460988,0.4371313104610189,-0.01936322230142118,-0.0007106001376585319,-0.10383558625418174
670912,826,-0.01719788631768048,-0.012915551033613942,-0.012919525370549892,-0.0042783609471305885,0.40314069569510474,-0.022038618329652402,-0.0004176828551424554,-0.1093400329700135
623465,589,-0.019132237984393008,-0.012864583529129165,-0.012873958324165484,-0.0062582796602275205,0.4134238171533157,-0.02245701415993473,0.00016412047530461014,-0.11116236959872615
656848,347,-0.013296039002253176,-0.012857656421203099,-0.012869823997461827,-0.00042621500479134573,0.3562031849114225,-0.018118785574581714,-0.000758621455171822,-0.09898541261938439
676702,532,-0.01796320994181322,-0.012838584246135366,-0.012862817415416936,-0.005100392526396283,0.42568306799751265,-0.020190428532609137,-0.000927527006455884,-0.10530936455121345
621345,487,-0.017116040097615897,-0.012788621026020656,-0.012799463427345744,-0.004316576670270155,0.4087425074360517,-0.0192212517023778,0.00045440162357453646,-0.10771028697400799
669199,560,-0.01154291399197125,-0.012790670741428556,-0.012792724714835163,0.0012498107228639125,0.4146707231372899,-0.01588231017554095,-0.0006533243795968361,-0.1009981011758075
676428,722,-0.017189192648545293,-0.012751640912099462,-0.01275253143857802,-0.004436661209967274,0.38613290481920304,-0.02000226096479255,-0.0006724324365334723,-0.11589651694151763
680704,734,-0.01532983900192099,-0.01274230711710003,-0.012748878350185051,-0.002580960651735942,0.40542731458384007,-0.021167404868294337,-0.00073085429032277,-0.10063587629864947
547184,535,-0.018286426250289985,-0.012726433492107855,-0.012732265454757813,-0.005554160795532172,0.3978567054433294,-0.02246245087160267,-0.0007593615634302927,-0.10761244631851584
681892,592,-0.01895462122777337,-0.012714921960242721,-0.012725837407424861,-0.006228783820348508,0.4079604971858936,-0.02091375269775172,-0.0005480732884323146,-0.11012392875949573
694819,554,-0.01749231512236045,-0.012697005688178388,-0.012718718812080079,-0.0047735963102803715,0.33905574425297064,-0.02177976083994705,-0.0009556873512311766,-0.10018120207536811
663738,750,-0.014928964101196278,-0.012680824629651507,-0.01268530138007026,-0.0022436627211260196,0.3920141156631147,-0.018124893783326927,-0.0005637084259048361,-0.1147174803715632
676263,541,-0.015448212162302003,-0.01261604727100494,-0.012623594591896546,-0.002824617570405456,0.36259456645180593,-0.01910000714325646,-0.0008383770532651955,-0.10765409773629257
656986,398,-0.01309613160645586,-0.012606214483347554,-0.01261399454192883,-0.00048213706452703204,0.41704943432942676,-0.020194457957287176,0.0007496278774446461,-0.09990300854458559
682842,746,-0.018564634671548983,-0.01254588938247126,-0.012566903428446904,-0.005997731243102077,0.4149179737602437,-0.0246006042647944,-2.996122350796588e-05,-0.11043942784823743
669062,696,-0.0166651156789294,-0.012545574664644786,-0.012552757675088415,-0.004112358003840984,0.41041932634057016,-0.021827943298259076,-0.0008815846501488014,-0.09984375914913042
519326,668,-0.01445550746415642,-0.012547855021770828,-0.012552454319820189,-0.0019030531443362305,0.3969663344249504,-0.019743771645334855,-0.00010727576228894398,-0.10644674565498015
686826,719,-0.01910274242524331,-0.012534155446055299,-0.012542062643721055,-0.006560679781522257,0.38808481039707543,-0.022156712375401462,-0.0006913663732540866,-0.11713018075863034
665625,588,-0.0181754155961552,-0.012540074521908338,-0.012541880685323999,-0.0056335349108312,0.44876311184343115,-0.029481924997949792,-0.0009488953475982911,-0.08485366253055185
682120,762,-0.01996706037467541,-0.012529323328978423,-0.012537086630066072,-0.007429973744609339,0.40378044548531744,-0.02766154205802031,-0.00010435372620986317,-0.1034593339535577
663474,573,-0.010218410789449621,-0.012536208138432993,-0.012532965864929026,0.0023145550754794042,0.36704966775457304,-0.01737226328128873,-0.0007871144722065333,-0.10280188281025786
608723,453,-0.0170766065835779,-0.012531778670872617,-0.01253252451500406,-0.004544082068573838,0.43051915026287585,-0.02236858696789532,0.0008593067558457238,-0.10086155810527316
663432,508,-0.011232004475833243,-0.012492019254545697,-0.01249844204152657,0.0012664375656933281,0.41364648881684174,-0.018564284656923908,-0.0008522580178348586,-0.10215498953462028
605447,541,-0.014971931380863454,-0.012496364391499181,-0.012492857505035133,-0.00247907387582832,0.41633576315618576,-0.019344540917512438,0.00010997042624351288,-0.10779633890631696
607481,934,-0.021664821072932956,-0.01248226573901227,-0.01248551344600903,-0.009179307626923922,0.42766133641689463,-0.028896669094078762,-1.3736933395273482e-05,-0.0960565193273649
681982,807,-0.018313849054560658,-0.012461777633654293,-0.012472856859708422,-0.0058409921948522365,0.41159777774239537,-0.022869646520142128,-0.0008565912325106644,-0.10994753508493389
506433,1311,-0.01491678307163298,-0.012460797883811476,-0.012467059491151632,-0.0024497235804813496,0.38322458173553886,-0.018215426602150607,-0.00019955563607580197,-0.11375603905720134
623437,671,-0.020618930793922866,-0.012453250684379307,-0.012451090273480563,-0.008167840520442303,0.37645061493570536,-0.02161677766108511,-0.00016612945741928747,-0.11222975104165595
657649,898,-0.01642065088742526,-0.012422126142312659,-0.012434164012299324,-0.003986486875125937,0.3870214953758137,-0.018929482965005472,-0.0005633677455993277,-0.1118872479637834
669724,656,-0.019233979273204155,-0.01241859738979973,-0.012425305582317664,-0.00680867369088649,0.39021917369699044,-0.02121815222610238,-0.0003165407521069863,-0.11632742095448494
657508,646,-0.014982745724816574,-0.012398640235078102,-0.012418092125814443,-0.0025646535990021284,0.39368039297857055,-0.021030423081444264,0.00011944095040785426,-0.10645185670862631
666129,717,-0.01974692303383551,-0.012390848024500904,-0.012396272301034357,-0.007350650732801155,0.40842844990351346,-0.02681425225885822,-0.000793001380415272,-0.10614981435350244
606149,323,-0.008087528826352242,-0.012337278656958477,-0.012355309075829941,0.0042677802494777,0.42516471525900495,-0.019271575826413336,-0.00029439329456977623,-0.08976385502194613
614179,550,-0.014136419410959767,-0.012346750283838723,-0.01235468563608466,-0.0017817337748751078,0.3943386807507935,-0.019990824118630394,-0.0002893264892315494,-0.10269882744276183
671212,813,-0.01604969666118101,-0.012301384569883174,-0.01231798060608308,-0.003731716055097932,0.3902702902398471,-0.020709915926679846,-0.0008664164200101352,-0.10735449519390307
687330,871,-0.020729073835097225,-0.012297012586276159,-0.012300693029785793,-0.008428380805311435,0.36531750070956104,-0.02125119287398194,4.296334945438304e-05,-0.12169558935757838
695505,384,-0.018266983903488774,-0.012221800053312795,-0.012267140502254444,-0.005999843401234327,0.4145712337474463,-0.023019502413259063,-0.0002448799812239963,-0.09502233025850243
593974,919,-0.016040307544979482,-0.01222120118541536,-0.012222368597990384,-0.0038179389469890994,0.4193948460636556,-0.02436508948741283,-0.0005268397489738173,-0.09392399360148856
678692,655,-0.014884390195685332,-0.012209720258431209,-0.012212494839289332,-0.002671895356395999,0.435508250181756,-0.024656913529295874,-0.0007992023909129626,-0.09799711650111381
665622,738,-0.020652953340947675,-0.012171309333021013,-0.012181695622495728,-0.008471257718451945,0.4288810573092259,-0.0256732713497051,0.00014264963250841943,-0.10544962964839809
685126,581,-0.01737119294914283,-0.012173345046401584,-0.012178021803090766,-0.005193171146052064,0.42436291905181805,-0.02611950290042981,-0.0008435392629931905,-0.08627506552731236
663567,811,-0.01790563121232891,-0.012164498138821893,-0.01217782121183977,-0.005727810000489141,0.396949659280319,-0.021905519656790395,-0.0012202409967687167,-0.1120458073927538
676272,966,-0.01467569341742373,-0.01213866505492081,-0.012146358436471681,-0.002529334980952049,0.4083983239429463,-0.021199114704109456,-0.0002097574737260732,-0.10708811391855119
678495,761,-0.015457505406299176,-0.012113595290634372,-0.012123808374365016,-0.003333697031934162,0.3856277542297465,-0.02148721158154277,-0.0011557639306334479,-0.09915840096249871
666374,576,-0.01761853978211281,-0.012112628649689535,-0.01212325925736686,-0.0054952805247459515,0.44827035048364244,-0.025162439765074783,0.0003230954579884288,-0.0886663567985455
672391,519,-0.009729221446798747,-0.012100716056779617,-0.01211153702977825,0.0023823155829795026,0.38065797518331995,-0.0149264340247792,-0.00017301501531203376,-0.09888741228164506
686973,999,-0.02065948423330486,-0.012036643748749866,-0.012045218822443722,-0.00861426541086114,0.3948301572805151,-0.025662657030277414,-0.00017273329610927558,-0.11215630796577694
592155,600,-0.012613221720069918,-0.01203831910792126,-0.012040580674134476,-0.0005726410459354417,0.40758007193572193,-0.017314223645270993,-0.00015421620157737446,-0.1000790076546325
605397,779,-0.016019333968882023,-0.012009551400576884,-0.012026646417319868,-0.003992687551562156,0.3995743770027309,-0.020323186071058597,-0.000555158219742945,-0.10706689227144262
660825,800,-0.015818269173794985,-0.012013110671024708,-0.012018834662107103,-0.0037994345116878826,0.39054809615543384,-0.018673897393678446,0.0001395012680485002,-0.11029829383015927
656240,466,-0.014174986003170055,-0.011988790953359304,-0.011990745451965778,-0.0021842405512042767,0.39958469015694,-0.019297899189620948,-0.0006014402052250909,-0.1072102722890373
683627,700,-0.017054029135013807,-0.011978573152670039,-0.011980430910558195,-0.005073598224455611,0.4301054973267417,-0.023866635224421857,-0.0006795408033698773,-0.10434173735088347
663893,737,-0.016123103585100176,-0.011958445308046467,-0.011958622791016449,-0.004164480794083727,0.3932621243247463,-0.03225802653113279,-0.00087439915726383,-0.08941290883395248
664139,457,-0.015552466531073637,-0.011928423819201627,-0.011929634091973668,-0.003622832439099969,0.34862392761324046,-0.01894702632854813,-0.00018431731081482966,-0.10273134814815865
663941,778,-0.01239892864876378,-0.01191675501977971,-0.011922055940835103,-0.00047687270792867785,0.4085037453489023,-0.014723104296530471,-0.0005873971056146243,-0.10516180049495986
664062,525,-0.010927375770963166,-0.011847451500507361,-0.011871498063752582,0.0009441222927894163,0.3784783344011311,-0.016750692840167825,0.00023168870410036882,-0.10185291313317617
502171,527,-0.019907270234893356,-0.011820836173081621,-0.011836659935336297,-0.008070610299557059,0.41678553091587456,-0.027179060211929805,-0.001245990554908136,-0.09620398717768287
663362,1258,-0.015379771208040228,-0.011800771275242289,-0.011807454602597996,-0.0035723166054422322,0.3605942427320354,-0.017026404982709874,-0.0005042857308114642,-0.11605432479538867
668941,894,-0.017896790422442375,-0.011797407089142014,-0.0118001820390809,-0.006096608383361476,0.37851610050388473,-0.023084518896133558,-0.00018072993642449404,-0.11033860458904318
595014,538,-0.016395700472439007,-0.011779566242891634,-0.011784475075767221,-0.004611225396671785,0.3635506792332073,-0.02115080498927011,-0.00033054759711853934,-0.09659677298613921
668984,486,-0.016653094070665172,-0.011738220981666395,-0.011766119652736402,-0.004886974417928769,0.3390520417633843,-0.019704957847937948,-0.0008345312676816695,-0.1031172492795829
658648,949,-0.01903100612942055,-0.011745794172076617,-0.011754776244223,-0.007276229885197551,0.42101147915102166,-0.028205686578763805,-0.0007739771876536841,-0.10062033426792098
656794,863,-0.01590190481649188,-0.011581944651017993,-0.01158873365604978,-0.004313171160442099,0.37631156421452944,-0.020117066587290525,-0.00012709218838718227,-0.10480377661502718
680736,778,-0.018532748084132824,-0.011580947614815113,-0.011585841115285251,-0.006946906968847575,0.36984609607524654,-0.021581373576996143,-0.00029130241090560784,-0.11000537612006012
543339,457,-0.010977551168403097,-0.011553542542475202,-0.011557049001103551,0.0005794978327004525,0.3982414700002514,-0.015553391682188273,8.007855798048631e-05,-0.10664631967967028
640462,812,-0.0180675622327893,-0.011526452381604997,-0.011536639851114474,-0.006530922381674825,0.40081639110142825,-0.021731373907012734,-0.0007515649242212557,-0.10107754299281543
675540,661,-0.011660647431668827,-0.011512602753918438,-0.01151951769353209,-0.00014112973813673854,0.34882513885738403,-0.015000612800678674,6.051626466383847e-05,-0.11025975444664518
676477,857,-0.02038104921238455,-0.01150521123672435,-0.011513403680723516,-0.008867645531661032,0.4223965392115812,-0.02651635459203845,7.062996225224357e-05,-0.09901773959676871
502085,777,-0.01480718580963516,-0.011482950563942738,-0.011498017153351959,-0.003309168656283201,0.36723987414607706,-0.02284856677887037,-0.00038787286884483526,-0.10674108509381684
676534,901,-0.01915544870575187,-0.011459351400245375,-0.011454656823094387,-0.007700791882657481,0.40743580533397633,-0.026691711116690154,-8.176466329604788e-06,-0.10445527607260384
694037,713,-0.013959018805813078,-0.011411765101387044,-0.011432900378018198,-0.002526118427794881,0.35239044337829767,-0.0181764255675908,0.00037013890559106454,-0.1017581219904332
606303,756,-0.015021895091488012,-0.011401100321579326,-0.011413102259139057,-0.003608792832348957,0.39039055999299266,-0.0195673110276715,-0.00034707671414209304,-0.10850941360869579
681517,977,-0.015547442578091264,-0.011393597578950188,-0.011408085897225815,-0.004139356680865449,0.40207346229900426,-0.020734109363264253,-0.0003078451444845595,-0.10733462625589983
670167,964,-0.017998424806136476,-0.011404474717307092,-0.011407174635005533,-0.006591250171130942,0.3734725987133232,-0.019975042425061897,-3.3901015783934055e-05,-0.10968023643190875
683409,741,-0.015652359651903966,-0.011365805721164527,-0.011366000188765333,-0.004286359463138634,0.4080197896446449,-0.023593178564822796,-0.0005329666453025313,-0.0993900625048155
669713,844,-0.015448026065129314,-0.011325834350103765,-0.011332935835024918,-0.004115090230104394,0.4078669986384885,-0.019491085368317552,-9.941163528763283e-05,-0.1057877866770892
663423,987,-0.01484453599738342,-0.011313619713443017,-0.011324126069120755,-0.0035204099282626668,0.3907350535709346,-0.01681371942989334,-8.621129280231478e-05,-0.10752478726709803
650893,980,-0.012080528020076593,-0.011279439084085007,-0.011286609753772126,-0.0007939182663044658,0.3764155711402739,-0.016920962946113696,-0.00035746891964806744,-0.10631359281212598
605130,1118,-0.017322863779004976,-0.011267535997374949,-0.011279168386254148,-0.006043695392750828,0.4161031867444413,-0.025921311832642104,-0.0006996904772982586,-0.09628817607410874
660896,903,-0.009894544148219385,-0.01125374264258261,-0.011261852750281607,0.0013673086020622215,0.37967112704865635,-0.01609571125588761,8.941412139575842e-06,-0.09921643624720455
702352,940,-0.01668213876477533,-0.011191564828410468,-0.011206655098362784,-0.005475483666412545,0.36433588896143315,-0.01830065386043328,-0.0001348675738276513,-0.11113753818366585
657044,801,-0.014551734571448453,-0.01115337909735796,-0.011166063039696434,-0.0033856715317520203,0.3912459252285304,-0.019066192941910306,-0.0006047852876818689,-0.10036216436775593
675848,479,-0.01918749187631043,-0.011153899237660542,-0.011159526981223576,-0.008027964895086856,0.4017254421863172,-0.023393888762475484,-0.0008855112526050998,-0.09633180486742678
676282,953,-0.015624248761773277,-0.01114593848851254,-0.011150269277479148,-0.00447397948429413,0.34220952836240426,-0.021142108850514953,-0.0004397945635001741,-0.10402818543981496
689017,838,-0.006651382069384519,-0.011133477777815443,-0.011141736384599445,0.004490354315214927,0.34898053389475053,-0.013266975638138917,-0.00042238045092971965,-0.10171419443731163
608717,815,-0.014132616070440161,-0.011140392775866814,-0.011141688239834451,-0.0029909278306057105,0.38139295941199713,-0.020605409078916045,-0.00029002021393937424,-0.10025386757694607
686730,933,-0.01482613982806413,-0.01109897181140919,-0.01110662020727091,-0.0037195196207932208,0.38886927770669977,-0.017633237140716546,-0.0006029498931709329,-0.10614430807550901
686701,577,-0.01055550030492207,-0.01107398056062088,-0.011098238445702666,0.000542738140780596,0.35120478632805935,-0.015279739895688023,-0.00087975309992457,-0.10532165561155062
663687,1154,-0.0182830805555552,-0.011082718561518257,-0.011092049196801438,-0.007191031358753762,0.35242806536376803,-0.021918936236958134,-0.00010087708344496025,-0.10886371911863339
607455,847,-0.013861847006746704,-0.011058766361832763,-0.011067933562987246,-0.002793913443759457,0.39080176992349747,-0.02217143743591898,-0.0006703169406447215,-0.09556250587866832
519151,922,-0.01566505412382147,-0.011048409898465419,-0.01105817142537483,-0.004606882698446643,0.3770291446779176,-0.023773213892195437,-0.00017279965134614142,-0.1015991750618873
607179,598,-0.012938393695177419,-0.011030228971781604,-0.011038088412213126,-0.0019003052829642932,0.37725281869812494,-0.01810263789239236,-0.0005605103966770961,-0.10506035019540698
681867,960,-0.01908542331825871,-0.011013922303376545,-0.011018618002269439,-0.008066805315989274,0.37470969180982333,-0.023545850042389332,-0.0003025689125208695,-0.1043775347387032
605463,758,-0.013236492351101229,-0.010975958009639275,-0.010986388807008626,-0.0022501035440926015,0.36658956852669894,-0.020568444789512374,-0.0008960145837491739,-0.08594784747028957
669372,876,-0.01591401165157554,-0.010959650291404499,-0.010966096397844507,-0.0049479152537310325,0.40278679473183615,-0.02144139530366587,-0.00037615274217018266,-0.1013050078808706
676775,595,-0.01616098225599755,-0.010924242681229587,-0.010938749183424768,-0.005222233072572783,0.3824857421130212,-0.021094640903121808,-0.0007121857025872093,-0.10071901612959061
641329,773,-0.014594267958520568,-0.010875533461785413,-0.010880594077472522,-0.003713673881048046,0.3458904333434392,-0.01934809390808707,-0.00048559251611372123,-0.10472691976520886
643410,958,-0.012733203093788784,-0.010870644563209568,-0.010874500333114531,-0.0018587027606742522,0.3778728003559503,-0.02129174711332403,-0.0002549876877002647,-0.09885298464941597
687863,535,-0.01541143646900845,-0.010826393391497012,-0.010839925744385328,-0.004571510724623123,0.39986040144982254,-0.0251036227214617,-0.000894911559324834,-0.09546288610820214
669160,919,-0.018628270916057267,-0.010823043861268344,-0.010831650645917778,-0.0077966202701394895,0.35987559662854246,-0.0224299789784328,-1.6736340178513377e-05,-0.11040849077458786
671131,814,-0.01259916824530506,-0.010825295488801734,-0.010827643925154472,-0.0017715243201505892,0.3725946163282252,-0.018338051748600696,-0.001073107673442703,-0.10410085910289738
600917,834,-0.009527093020079603,-0.010811958858875745,-0.010819260129988342,0.0012921671099087385,0.3863337498620108,-0.017069072112245804,0.00023517095525482843,-0.09459656253221041
668338,487,-0.017014285360537305,-0.010801164157651342,-0.010819024425247098,-0.006195260935290207,0.3689985285494974,-0.019994359577578447,6.049552724249236e-05,-0.09839361606028155
608566,964,-0.015746054698653637,-0.010798254604758601,-0.010800568057051192,-0.0049454866416024455,0.3907357729589108,-0.02165481365425599,-0.00045239441083028457,-0.11452339010478597
621381,1187,-0.007992653209605542,-0.010762643314029607,-0.010769258835263203,0.0027766056256576612,0.33178249057794595,-0.011872116840948962,-0.000336792984253454,-0.09884131459265733
663568,1073,-0.0198692053865025,-0.010758465042162638,-0.010762376746999204,-0.0091068286395033,0.3711949170283433,-0.022842052657494956,-7.570964887654049e-05,-0.10705671519196701
640451,634,-0.016515135474793424,-0.010719283019952668,-0.010725365007828929,-0.0057897704669644945,0.3731112347111294,-0.02136718464608732,-0.0012068743414478022,-0.09581266520808829
573009,632,-0.013916284976113214,-0.010716775039697759,-0.010723054393701527,-0.003193230582411687,0.3940264105119597,-0.018134343089554725,0.0003624205790964469,-0.10086451466753293
676755,419,-0.015558040620726746,-0.010712636373520294,-0.010710571026610384,-0.004847469594116363,0.32601804866932443,-0.019463350512613525,-0.0006119697011885678,-0.09673365886413968
700241,767,-0.019196065445842767,-0.010678207546971087,-0.010684441980370713,-0.008511623465472056,0.38157779395418423,-0.02286175624399023,7.3078591348432765e-06,-0.1105253298789552
690990,822,-0.016779009363721304,-0.010680071316769296,-0.010682280538776574,-0.0060967288249447315,0.3903035944801535,-0.023184249018550103,-0.0006340630937762729,-0.10414825378104806
664747,772,-0.013572009638383647,-0.01065946999424697,-0.010666436749140149,-0.0029055728892435,0.3457403832808706,-0.01980252173912069,-0.001302945151512308,-0.10254054753879217
676974,861,-0.014465086996292908,-0.01063999304644997,-0.010656543076462846,-0.003808543919830062,0.36732356191596327,-0.02255889055006626,-0.0007072902741343701,-0.10646393278207357
657240,458,-0.012567423091368476,-0.010621291655592925,-0.01062637464869663,-0.0019410484426718463,0.40560863601602176,-0.01731780325583022,0.00039488048786045355,-0.09763452513569976
687473,823,-0.011493205369438268,-0.01057142869075699,-0.010576882998391646,-0.000916322371046621,0.3213497750181803,-0.015141954935081721,-0.0007901808853453226,-0.10506472132737518
608371,660,-0.009369985596451965,-0.010526546353315763,-0.010544439847661444,0.0011744542512094796,0.3700819731793011,-0.014441110194226657,-0.0006682641234917475,-0.09571168699331332
686580,640,-0.013443315369952477,-0.010478150771257654,-0.01048910377848213,-0.002954211591470346,0.3787128243807878,-0.021309449739549284,4.133663112282987e-05,-0.09478924620613705
669212,636,-0.013225629207157382,-0.010476948179202467,-0.01048041010494388,-0.002745219102213505,0.35876345206658106,-0.020906369798000493,-0.0004275871587367253,-0.09175903820651371
678226,476,-0.01747694601640563,-0.010459466935766855,-0.010462357666256021,-0.0070145883501496085,0.41300567311905556,-0.02589728242396616,-0.0008766025246690489,-0.0904181316227708
676083,916,-0.013782001272339136,-0.010455861903295881,-0.010461089101011007,-0.00332091217132813,0.35062674653520937,-0.017540745887765802,-1.5393413866905237e-06,-0.10804096497506054
641745,811,-0.01789109481583257,-0.010447348195778038,-0.010458205448076529,-0.007432889367756043,0.38480874201173526,-0.023450462012404548,0.00010481495234910022,-0.09687349596262124
702070,959,-0.012343617463155317,-0.010444753379255076,-0.010451411373829846,-0.0018922060893254709,0.37358141907733783,-0.018052440381972595,0.00021420978205394356,-0.10286492485402952
642397,1021,-0.015464791652836433,-0.010439320054923887,-0.010443979795617975,-0.0050208118572184594,0.3912616811505718,-0.02108550706889419,-0.0003011517230001064,-0.10053699646515074
622608,1094,-0.01955647582482716,-0.010422016634562542,-0.010429787884745564,-0.009126687940081596,0.3611606078451759,-0.022921846481792397,-0.00034579681040489986,-0.11364835538566584
672582,1134,-0.019802035100442816,-0.01042418856641939,-0.010429746889714816,-0.009372288210728002,0.3520301553799204,-0.024010566300915026,-0.00043201861374116243,-0.11026376749425258
605154,740,-0.014281344793603826,-0.010407696481453814,-0.010425000210992184,-0.0038563445826116406,0.3675295971067241,-0.01882259702891054,0.0004206344670553386,-0.10321473860635963
608334,889,-0.01872254735066743,-0.010408783994673472,-0.01041957689631401,-0.008302970454353424,0.36779833785447896,-0.028145486607528126,-0.0004922180494131566,-0.09244168466426478
596001,1085,-0.016311248031245208,-0.010386906668953698,-0.010392266521682677,-0.00591898150956253,0.37974097725469214,-0.019852587959311867,-0.000113407485440242,-0.10986281421650648
680767,939,-0.01747635211681833,-0.010327724719723399,-0.01033864684123967,-0.007137705275578661,0.37075904770813806,-0.025949700843238617,-0.001013056430862474,-0.10088663056584832
643511,1153,-0.02515796807623978,-0.01028581111092953,-0.010290026856583485,-0.014867941219656297,0.31422815083462957,-0.02610948029608643,-0.0004316120343301726,-0.12196060497920151
694363,786,-0.01609664699605159,-0.010246227163215146,-0.0102614979943591,-0.005835149001692491,0.35587278801516037,-0.020606780323446462,-0.00034099932863978724,-0.1033383390139587
676092,662,-0.014759029822752904,-0.010203222764945803,-0.010211695281663736,-0.004547334541089168,0.3555952151803919,-0.016309607973565187,-0.00026984390698901625,-0.1058448887629414
684320,1139,-0.012583839997254596,-0.01018961534024733,-0.010200269908783826,-0.002383570088470771,0.38683521421493905,-0.018133900089706296,-0.00033484535808593374,-0.09752406908847178
670036,601,-0.01666343865834531,-0.010175353093882455,-0.010196910747792502,-0.00646652791055281,0.3631577767320076,-0.01884053884560817,-0.0008293605962857127,-0.10048756049010807
670174,911,-0.017357698589280678,-0.010157283399327212,-0.010155909285274873,-0.007201789304005805,0.379936439649497,-0.022919784659903207,-0.0009097381432829394,-0.10243196009795248
571656,696,-0.01101783272983404,-0.010119862385190321,-0.010123966134425465,-0.0008938665954085756,0.3762839299582156,-0.017428372899867626,-0.0004258023703878268,-0.0951302918286381
806185,1036,-0.01184754965957146,-0.010090137990577886,-0.010102061286058409,-0.0017454883735130524,0.38450498568318825,-0.024190661335722598,-0.0009750248273822912,-0.08487843066263429
663776,1066,-0.01710191109383676,-0.010079170911808759,-0.010083208876751674,-0.0070187022170850825,0.3568682353154526,-0.021584025511892202,-0.0005266475791734092,-0.10226269727147096
676106,1230,-0.017483895107574282,-0.010068182731154701,-0.01007356032476908,-0.007410334782805203,0.3587677149078202,-0.02146802462687636,-0.00016617443380363798,-0.103594845209839
669387,1288,-0.01644281755956385,-0.010045840443552676,-0.010053629426007493,-0.006389188133556357,0.3859609203105479,-0.020665566429273655,-0.00042716348765771774,-0.1039999087414272
678368,1096,-0.009621222594511824,-0.01000816554011081,-0.010013779983304506,0.00039255738879268406,0.3408825207550399,-0.013700383771922935,-0.0008701407319585965,-0.1055123496299982
543056,646,-0.01303609025771999,-0.009944299748515338,-0.009940637283586672,-0.0030954529741333177,0.364884773204168,-0.022022742441818073,-0.00023664139875142283,-0.09003474689010314
608344,1056,-0.01852727775555169,-0.009896330157527208,-0.009901529181136428,-0.008625748574415263,0.32678814787295385,-0.021325218585173833,2.7960341827091477e-05,-0.10822490346766496
518489,551,-0.01439898549945676,-0.00987005775244233,-0.009890044264738353,-0.004508941234718408,0.37678493925065093,-0.01978260872669263,-0.00020546662677895216,-0.10012655115186606
664126,958,-0.008775639168868574,-0.009869896439079255,-0.0098726519253106,0.001097012756442027,0.36008120712683644,-0.015087487651379862,-0.0001222673455101548,-0.0978652589546793
681293,1368,-0.011917054274123843,-0.009855240774088203,-0.009857891589201891,-0.0020591626849219514,0.37822944313120976,-0.017183129006979353,-0.00028685655253859305,-0.10084961731459312
573204,939,-0.006751020711973791,-0.009840908676279281,-0.00984206262126428,0.0030910419092904902,0.32269369351869936,-0.010637168531257275,0.0004036168460207904,-0.10100525440270973
666974,1072,-0.01806597739950515,-0.009835456165917298,-0.009839187567245054,-0.008226789832260098,0.3534880751177969,-0.02373338108329536,-9.700245448943001e-05,-0.099861336823853
662253,1089,-0.018243597982196342,-0.009798289450066729,-0.009808155368531211,-0.00843544261366513,0.4284976746729239,-0.02814079400203813,-5.9786160515062505e-05,-0.08499695162002056
472610,1037,-0.017317951954130214,-0.009743383664307638,-0.009749637051636359,-0.007568314902493858,0.3754369648212352,-0.022675910512376423,0.0004284022039535234,-0.10346079059275133
657585,933,-0.013402188390721586,-0.009724299612595648,-0.009724298817468538,-0.0036778895732530476,0.3642788146780741,-0.024198014776222385,-0.0003852189582862046,-0.08597651116855869
694738,1080,-0.016275017592182306,-0.009713258504532097,-0.00971985193121482,-0.006555165660967486,0.3636389687675098,-0.022630038314063572,-0.00021277126642821906,-0.10002923090930013
676508,664,-0.012945767829807412,-0.00965199262457961,-0.009656649860228456,-0.0032891179695789573,0.3569533071012015,-0.017151212644026234,-3.8494030078734955e-05,-0.0993464184824997
669060,1360,-0.014671622692760717,-0.009633703274487641,-0.009638506619881275,-0.0050331160728794445,0.358464022123506,-0.018935943273766898,-0.0008188422351681639,-0.10495449645796198
682052,870,-0.012199725140700994,-0.009609527955623975,-0.009621139271670671,-0.0025785858690303243,0.3812925561209784,-0.017124855342670296,-0.00029089012909714115,-0.09670606455796815
548389,924,-0.013783861808721737,-0.009612836442876927,-0.009619082142899658,-0.004164779665822079,0.35920358352365556,-0.016649309128940217,-0.0005045801450208419,-0.10699949093408845
621053,794,-0.016576330191577296,-0.009606064394121486,-0.009610432789116753,-0.006965897402460543,0.36129572379748087,-0.01878699061807736,-0.00016123766124004333,-0.10293181867249102
592454,934,-0.015316000832801317,-0.009598975688873194,-0.009604805283592954,-0.005711195549208364,0.3705125363162787,-0.02561188163354347,-0.0005708860696127102,-0.09563006177875308
656731,1531,-0.014370058238853439,-0.009592375375066476,-0.009598957269659217,-0.004771100969194221,0.3611558394600915,-0.020058113571853026,-0.0003886359894561206,-0.09802972612342357
670970,955,-0.012887358514049272,-0.009578729011321244,-0.00958235678840605,-0.0033050017256432214,0.35024680348931764,-0.0169336835694173,-0.0003587128385027283,-0.09849816250231999
683004,1468,-0.010451874429864661,-0.00954873965309211,-0.00955011728722834,-0.0009017571426363203,0.3239447775070794,-0.016463950888202187,-0.0003397063558823718,-0.10164450941515579
518585,1020,-0.010754120553100852,-0.009550153751927968,-0.009548780094607922,-0.0012053404584929318,0.3566963827169298,-0.02217527592776459,-0.0005109813077202028,-0.08652737791023178
664076,851,-0.018579868177243494,-0.009539760131036178,-0.009541025745168607,-0.009038842432074886,0.3694751870392483,-0.023375468177675773,-0.0004044035755894604,-0.1000289280612564
689147,889,-0.016250214863777285,-0.00952684119649353,-0.00953728784179083,-0.006712927021986451,0.3658271724380979,-0.021126861843345193,-0.0002612771699869837,-0.10023002963230344
672456,1360,-0.012130462158925376,-0.00952308264734208,-0.009528162362626354,-0.002602299796299023,0.34046115437136903,-0.016265459704939016,-0.0007150662198200976,-0.10610543145230214
680694,1005,-0.014292171008839463,-0.009519969291073042,-0.009526705835793396,-0.004765465173046067,0.3702886284130929,-0.021325932562672244,0.0003429597142100484,-0.09970194799903467
621389,987,-0.01696135976394369,-0.009508327140780787,-0.009515233528113495,-0.007446126235830196,0.3515777817520603,-0.02023261381311714,-0.00023334628716674362,-0.11161104769541973
681343,1086,-0.017332534916398405,-0.009498199555672404,-0.009502552105478247,-0.007829982810920157,0.3437931092612969,-0.02304687399460878,-0.0004362002687167662,-0.10527007566339101
641816,758,-0.010006035800317063,-0.009496069527245502,-0.009500210565363532,-0.000505825234953529,0.3431955432716394,-0.014411919501288006,-0.0005329701463199498,-0.09678449250288176
592426,918,-0.013022854090481017,-0.009467775519584146,-0.009473163028584329,-0.0035496910618966885,0.37727528706321345,-0.02289204399428987,-0.0006643443335813901,-0.0958633565649974
477132,1228,-0.011031213553746822,-0.009460656428036592,-0.009462904119545723,-0.0015683094342010984,0.32198821538838013,-0.01961991312659173,-0.00046738366105763597,-0.10317722589580754
621237,773,-0.01405187136080338,-0.0094519613267956,-0.009456113970651695,-0.004595757390151687,0.3513811352292471,-0.021890779113861343,-0.0006185452403925101,-0.09759739364208697
628452,1129,-0.015385686961662698,-0.009441319772847317,-0.00944844339646337,-0.0059372435651993275,0.3740176705998042,-0.020058280605899988,-8.032752431388025e-05,-0.09745254416413512
677960,1001,-0.014941759579704601,-0.009416445674135054,-0.009427814853248659,-0.005513944726455943,0.3718566391234238,-0.02006468004872613,-0.0008444942431800243,-0.10389962333607704
622554,1082,-0.014118037333951118,-0.00941894060713532,-0.009426245178066112,-0.004691792155885005,0.39361123042408663,-0.020761284794477246,-9.807102154566682e-05,-0.09910571635750227
641778,816,-0.009270731970682702,-0.009378521584859995,-0.009391683248588004,0.00012095127790530013,0.33441430460646493,-0.012559390081130186,-0.0004175481709283808,-0.1003850393835676
701581,919,-0.011925909748620058,-0.009385859799894257,-0.00939086616934701,-0.00253504357927305,0.3878610060265295,-0.01911790605458422,-0.0006069406655455327,-0.09835893285559792
676254,1179,-0.019428775102485474,-0.009385063728878323,-0.009386639408981304,-0.01004213569350417,0.3642658780204031,-0.023878576291495805,-4.627876461720024e-05,-0.10430531976508003
623211,977,-0.013793415476013387,-0.009378629432659803,-0.009378909996084336,-0.004414505479929052,0.3915858167999164,-0.021924984089693615,-0.00017809406960788936,-0.08969399283277318
693645,605,-0.016453725390798816,-0.009273357016234964,-0.009286170797487697,-0.007167554593311117,0.31654205588484785,-0.02161948869031849,-0.000422201498547207,-0.09700704730454264
682254,488,-0.017605526830820416,-0.009229345597087707,-0.009236245842894836,-0.00836928098792558,0.3709598917279788,-0.0243826149545356,-0.0005589343307002878,-0.0874359801184556
664299,1028,-0.002276208218942228,-0.009221813407938513,-0.009225698330516008,0.006949490111573779,0.32378364684506594,-0.01277492133441775,-0.0006008220495533035,-0.08446292571186524
606930,693,-0.014122799603913027,-0.009202824937877973,-0.009216682964454262,-0.004906116639458767,0.38635661000446475,-0.021393333865701105,-0.00047343494703863074,-0.09357263250341848
672578,848,-0.008535651507264914,-0.00919295441041602,-0.009196425033632955,0.0006607735263680409,0.3632691610356285,-0.015524075227019866,-0.0007648501177193782,-0.09563334836808653
657097,1178,-0.012906362131678542,-0.009186694716311623,-0.009188258052515727,-0.003718104079162814,0.32302616570575654,-0.018826967602689624,-3.5403215840741554e-05,-0.09833096602148186
621363,503,-0.002600766990781597,-0.009150701350068752,-0.009151029424488338,0.006550262433706741,0.3293550468680216,-0.008889507092445018,-0.0010191779148104984,-0.09745335131130664
605540,870,-0.01191780869318008,-0.00912985905716802,-0.009147075604928933,-0.0027707330882511486,0.3349188163270677,-0.014780084472596275,-0.0007381839534059967,-0.1068866724467974
592094,1106,-0.006697214596953889,-0.009133345687066568,-0.009139526533989147,0.0024423119370352584,0.36717851804320784,-0.014323472920138355,-0.0008262883190147004,-0.09206812331763928
657024,563,-0.010638876340688455,-0.009121862225496517,-0.009130013235262146,-0.0015088631054263112,0.36563801727493456,-0.017551449458804894,-0.0007501651108171124,-0.08398162100512858
685299,948,-0.01749531549319575,-0.009117512069392961,-0.009121200891851847,-0.0083741146013439,0.3413411631950995,-0.020303376226763193,-0.0003461571740129465,-0.10892425023469027
657571,1086,-0.016700427545326794,-0.009110238269290862,-0.00911718042886614,-0.007583247116460655,0.33205093132057667,-0.02100664433890875,0.000297213446553432,-0.09760763640949584
656271,949,-0.013702594275385178,-0.009105769351271218,-0.009110048322088242,-0.004592545953296934,0.3356855281468015,-0.01613678149570936,-0.0002633783861313816,-0.10944098213132895
681676,768,-0.013248442121386603,-0.009063733218736351,-0.009069060182007567,-0.004179381939379037,0.3825237980453082,-0.02492191097881823,-0.00022616250166248802,-0.09071877796728862
663947,1340,-0.013492725989802251,-0.009049850117391936,-0.009050192605133957,-0.004442533384668292,0.36570533803372296,-0.017944120423730538,-0.0001992049967356992,-0.10239533561741791
686799,1283,-0.013567641266048465,-0.009046305221649288,-0.009045486428173304,-0.0045221548378751595,0.33770599779617494,-0.01909186964229441,-0.0004958553968816207,-0.10510161190409119
641712,1082,-0.01442890684317672,-0.009000674855840192,-0.009007849161267692,-0.005421057681909028,0.3807551129725491,-0.021306283010404395,-5.994391462390076e-05,-0.10956606863666447
608372,1142,-0.013231346133842713,-0.00900172308958779,-0.009003971018879038,-0.004227375114963674,0.37790658879228833,-0.019277623888886247,-0.000569188308166424,-0.09766708244520274
670955,939,-0.008273936150467879,-0.008969668217476408,-0.008972651235230491,0.0006987150847626124,0.34516572955754826,-0.013193514719961184,-0.00038039932132356304,-0.09337370538245301
674003,741,-0.009674392216072084,-0.008926761261625856,-0.00893893773845124,-0.0007354544776208452,0.3362862834866272,-0.013782857418161808,-0.00034023084995604615,-0.09506513607050078
641656,777,-0.015029518534254717,-0.008933248252349415,-0.008938081131462588,-0.00609143740279213,0.37909986309272437,-0.023039607543463247,-0.00031517528724674907,-0.0893712262951639
455119,822,-0.0164078966642682,-0.008900925138382091,-0.008908787112285302,-0.007499109551982898,0.32384940058013306,-0.019099868698557888,0.0003560358984270291,-0.10241932334879356
673929,756,-0.008893314720024909,-0.008908636606104817,-0.008905721703976875,1.2406983951964792e-05,0.33937242507902465,-0.017080609834791684,-0.0006956634714378429,-0.0948651305397024
696136,729,-0.01461244290832406,-0.008891676643548516,-0.008899924012096857,-0.005712518896227204,0.3536835937041844,-0.023411014496860266,-0.0001657374942513062,-0.08506152209635297
687792,739,-0.013925754112209091,-0.008880729924651418,-0.00888883213364309,-0.005036921978566001,0.34142452123669953,-0.017704730536229864,0.0008170655715427471,-0.09915459339295896
592767,797,-0.008794257287362448,-0.008882775087888381,-0.00888278660821256,8.852932085011306e-05,0.3797299403038204,-0.015702143496603902,0.0007233780136844132,-0.09448124375412771
663546,674,-0.014935629271850064,-0.00887705640840214,-0.008875324197983309,-0.006060305073866754,0.36037062637784056,-0.01886229596139144,0.0013540459519549325,-0.10448678335165924
605452,953,-0.016090922522041463,-0.008857472591909658,-0.008868420701566038,-0.007222501820475423,0.35442278004708555,-0.020632544135195573,-0.0006185081248820573,-0.10387898072668368
570632,1391,-0.014030407859071965,-0.008821920109271054,-0.008827261000606448,-0.005203146858465516,0.3431012461588837,-0.019360365119035567,-0.0005087248026666286,-0.10241548767033015
445276,921,-0.002675914636629353,-0.00881809714425148,-0.008823627733212963,0.00614771309658361,0.2993019141649566,-0.006451328987968561,-0.0006040829058016674,-0.10367736432941857
657612,973,-0.01699201616577086,-0.008817892187708249,-0.008822539698364785,-0.008169476467406074,0.35045669013069447,-0.01956026684095192,-0.0004006418982530222,-0.1031930134724173
571948,992,-0.016867671862472237,-0.008813821553808757,-0.008818349885474872,-0.008049321976997365,0.3290375997066899,-0.020311497438027203,-0.00017124521960860858,-0.10111868406342836
680732,1189,-0.010694941623480517,-0.008796980270385725,-0.008813407018991056,-0.0018815346044894613,0.33858155540385765,-0.016356824343151857,-0.0005887492606995718,-0.09490731899461317
667463,876,-0.01738654256046524,-0.008786315562581646,-0.008793701306387144,-0.008592841254078097,0.3447571976929686,-0.02225391440362388,-0.00042656449563996884,-0.10356869480662635
572955,946,-0.01394690098659437,-0.008786400629899422,-0.008786253626303786,-0.0051606473602905855,0.35671410657184,-0.02164988938339487,0.00021049075940626863,-0.09929325815263818
663460,1033,-0.013716186963311552,-0.008748536232644629,-0.008752668784103997,-0.004963518179207553,0.3548087841416291,-0.019629437112586967,-0.00020355570650076535,-0.09251455637746428
673513,947,-0.007940748872056537,-0.008721190200096613,-0.008721810896789962,0.0007810620247334233,0.34222081277293576,-0.019217902192172922,-0.0006499972622086865,-0.08681194539471554
694813,1100,-0.014575037947988992,-0.00869874605449684,-0.008702950269818181,-0.005872087678170811,0.3784278603739152,-0.019742563083983474,-0.0003228289877039942,-0.09690674426527686
518886,687,-0.009151190923277392,-0.008686979802000717,-0.008697443432907678,-0.0004537474903697157,0.3082022108645478,-0.01611411071263997,-0.0010704935827082424,-0.09493136524683862
695418,1015,-0.020567634091486327,-0.008667607345460474,-0.008678336836686512,-0.011889297254799812,0.3067273233950391,-0.022794527758007336,-5.165095152540438e-05,-0.10949945505180501
682990,1791,-0.013887070501943518,-0.008663380752289012,-0.008665075428882434,-0.005221995073061083,0.37531387056769505,-0.019398589058381526,-0.00022083195935076593,-0.10404171949516298
683003,875,-0.015101203056703686,-0.00862260461677866,-0.008628923637658745,-0.006472279419044939,0.33737401579354814,-0.021125052896748667,-0.00013198496791491104,-0.09511644969916576
605135,3021,-0.015890574023718882,-0.008590291129406997,-0.008594666107452483,-0.007295907916266398,0.32687468782051177,-0.02054794853878273,-0.0005243426114105625,-0.10244860675583141
647336,1281,-0.010974893803212978,-0.008573985349159523,-0.008577693538225531,-0.002397200264987448,0.31826431926624893,-0.01907987549535805,-7.641211921006776e-05,-0.09891342833870806
656222,964,-0.012396346985359507,-0.008555827228907815,-0.008560119079545885,-0.0038362279058136222,0.31524096940561447,-0.01729488729532306,-0.0005148219199174711,-0.09787746052948634
679525,1423,-0.013227363345283924,-0.008552617340796577,-0.008559380600689734,-0.00466798274459419,0.3597040811381778,-0.02114783198199786,-0.00023689316618267728,-0.09494880266009946
595345,980,-0.011158005349082973,-0.008533500446914848,-0.008539017186982172,-0.0026189881621008007,0.34849360691948755,-0.01488689474932252,-3.954906079333714e-05,-0.1029259834209251
642100,811,-0.010247071479535378,-0.008515177486669188,-0.008520460065390202,-0.0017266114141451748,0.3612124321528205,-0.015308975020146753,-0.00019532820564504815,-0.09137440590249996
668674,1074,-0.018140081251158152,-0.008513821784213204,-0.008520074444572446,-0.009620006806585705,0.3455972290414416,-0.02429438378607341,-0.0001357340094823503,-0.0984093795390762
663485,1123,-0.011430746628441863,-0.008488464630362381,-0.008491172193367319,-0.002939574435074544,0.32448997316394607,-0.015906635302266978,-0.0006657765062396849,-0.09943094254367914
681190,1893,-0.011697223618466923,-0.008462832951309564,-0.008467101955850938,-0.0032301216626159845,0.3358370775489174,-0.01599330780779644,-0.0002649637622941626,-0.10201923916203022
664208,1063,-0.012486258299812486,-0.008459520523928043,-0.00846342904198753,-0.004022829257824955,0.33837333353179067,-0.018395114342635938,-3.5071557912773967e-05,-0.09204898564455503
621112,1294,-0.011861611734758156,-0.008449107287253106,-0.008454326515189044,-0.003407285219569113,0.36811787055866274,-0.018819160961630006,-7.67655272464717e-05,-0.09355675148234133
676130,1210,-0.010945339338675652,-0.008422993104628742,-0.00842938285913725,-0.0025159564795384022,0.36772338115261494,-0.021565254207990325,-0.00012946762598609103,-0.08325393283956437
573124,916,-0.012596566855281708,-0.008408511945545684,-0.00841027812009348,-0.004186288735188228,0.3114800763707272,-0.017061699452638822,-0.00014050086453707325,-0.10299234907731245
689225,1008,-0.013318299853686866,-0.008399698565306155,-0.008403312713753542,-0.004914987139933326,0.36243969712791907,-0.020265885144408628,-0.0007293395627391344,-0.0986198491019369
805673,995,-0.013382249842367565,-0.00836967933373997,-0.008377299809916113,-0.005004950032451453,0.3353958214740788,-0.016992421010372013,-0.0003566500433979751,-0.10359119041206884
641729,708,-0.011423584198371896,-0.008357144411662352,-0.008375432317196415,-0.0030481518811754788,0.343126693498812,-0.016119152290494865,-0.00039214272850301226,-0.0990131163900447
694477,953,-0.00862117509930303,-0.008361401688843395,-0.00836346551814307,-0.00025770958115995876,0.29785337507898396,-0.013605034889362239,-0.0006090036872585644,-0.09196248138877451
677053,583,-0.01621044884270781,-0.00835400555477055,-0.008361877153582031,-0.007848571689125781,0.2949220707937325,-0.0248480044017794,-0.0009444430734568347,-0.08081998183367198
571946,781,-0.010033355130621091,-0.008340317182565482,-0.008337749298324714,-0.0016956058322963787,0.3281164871947,-0.014869739173559968,0.0003165314847860499,-0.09568510109456727
691587,1114,-0.009076602961361998,-0.00832462750677607,-0.008330532612054072,-0.0007460703493079263,0.3662179503793504,-0.015898187813156793,-0.0002341137528980726,-0.09777685027927543
656641,1026,-0.006727483752440987,-0.008305903745529501,-0.008311421475144978,0.0015839377227039922,0.31308419080013644,-0.015833829852643713,-0.0006659271377105464,-0.08585952455470251
656557,1768,-0.01608646776980814,-0.008301256182150852,-0.008305576164350601,-0.007780891605457538,0.34739349325304114,-0.02087394833676923,-0.00010570331186798338,-0.10184839203262541
621111,1504,-0.012872717038449857,-0.00830254525372375,-0.008305534986887499,-0.004567182051562356,0.352179025287138,-0.019050965853061395,-0.00031726642966833587,-0.09639770740524521
674370,1315,-0.008484865681332065,-0.008296148273833123,-0.008297828854189195,-0.00018703682714286932,0.3217825155735974,-0.014301312775435901,-0.0005752689121863714,-0.10042243229702487
605280,1726,-0.013219443905453406,-0.00828484599627989,-0.00828595232312686,-0.004933491582326546,0.3525948080373508,-0.02072915051556369,-0.00032550122104926663,-0.09792057447617494
623149,652,-0.010247726433042031,-0.008271325708957243,-0.008279405434682467,-0.001968320998359564,0.266108223392539,-0.013179606375326313,-0.00025332440616949303,-0.09467332297434096
665871,1622,-0.014663368241676234,-0.008271820630998196,-0.008275234472522172,-0.0063881337691540615,0.3286308965990867,-0.020407814301144984,-0.000477753359460731,-0.10397934361290576
571927,1043,-0.017100301129116136,-0.008254385901612838,-0.008257768687006636,-0.0088425324421095,0.3232790051951547,-0.020571135121005914,0.00011170451457247682,-0.10139085652649976
621242,862,-0.014436825040540205,-0.008233200092227486,-0.008244764489051523,-0.006192060551488682,0.32249053249596155,-0.025028222971784437,-0.00031231767414240726,-0.08691465546327211
621383,1289,-0.014113179300728024,-0.008218443565482394,-0.008221922837049018,-0.005891256463679008,0.3197724884167503,-0.017143007253078497,-0.0004710625865697742,-0.10789350459339336
650556,1210,-0.010100380188008727,-0.008215747742891882,-0.008214701071545103,-0.0018856791164636234,0.32843560357131224,-0.019939253504113675,-0.0005662714172978007,-0.08915648585939649
592773,1154,-0.010129228255816788,-0.008204791269665045,-0.00820689421400694,-0.0019223340418098496,0.3583735117072045,-0.018244828982080366,-0.00043781480841636344,-0.08992139963785792
663855,1439,-0.013950624181207238,-0.00819519725084693,-0.008198221999294411,-0.005752402181912827,0.36943271305662534,-0.021816984828131415,-0.00029468558530916083,-0.10052736459115681
543859,1056,-0.011751611624997915,-0.008181924785557316,-0.008188882269015424,-0.003562729355982491,0.33147409299969816,-0.016777377289095032,9.083401440446816e-05,-0.09813566220586277
458677,799,-0.014020761258818086,-0.008168741028001837,-0.008174021227073416,-0.00584674003174467,0.34647235413532146,-0.019694795847355683,-0.00021660410977373536,-0.09525277949583077
605177,811,-0.011131645963993719,-0.008157650245638666,-0.008156444055358456,-0.002975201908635264,0.3844645828584968,-0.02491266813991872,-0.00043958746361637106,-0.07387707118368735
641540,1420,-0.011624900418065178,-0.00812183697085108,-0.008123363620673838,-0.0035015367973913404,0.34332913696255457,-0.01719829060852392,-0.0004058728540278766,-0.10192592591775994
571882,863,-0.009801617499936922,-0.008114432669808406,-0.008120916032231088,-0.0016807014677058343,0.3726176793672414,-0.019616633639117968,-0.00016180460307493728,-0.08742340111591805
650671,174,-0.012263751292408205,-0.008090518675742404,-0.008118052745538342,-0.004145698546869863,0.2898934166192557,-0.0184513242499802,-0.0009124167904552663,-0.08167868193520113
640455,2284,-0.0139451954163924,-0.008101603011348279,-0.008103861450514418,-0.005841333965877982,0.3091251464374987,-0.019337124471622263,-0.0007240421472239255,-0.09236708837855469
687911,673,-0.009569656797731118,-0.008088939334058078,-0.008093449350016166,-0.001476207447714952,0.3018957754819725,-0.01312194457813936,-0.00035046719065745004,-0.09717700604866245
669211,1042,-0.010637569654302823,-0.008079571644561053,-0.00808391032898233,-0.002553659325320492,0.33992486821146434,-0.015616530281411523,0.0001481586576432677,-0.09942349830486849
666808,1135,-0.01456534798367852,-0.00807767827187464,-0.008076796093058445,-0.006488551890620074,0.370012146753737,-0.024998975685259637,-0.00017962533940694966,-0.09018818304451338
678606,1004,-0.0175431467706004,-0.008069466966024138,-0.00807108024027033,-0.009472066530330073,0.3243537248013046,-0.021604436261432467,-0.0003817840118062496,-0.10757281153882133
608718,1122,-0.012457244274411255,-0.008060396527431036,-0.008065421324832392,-0.0043918229495788635,0.3124363580718101,-0.018936389147974388,-0.00032130258643363937,-0.09772476931283545
701542,1322,-0.011693301518497602,-0.008049554503973913,-0.008051650194402618,-0.003641651324094985,0.33483722759645446,-0.019801685607245906,-0.0005826636121274425,-0.09684945480560363
693312,742,-0.013275014760245587,-0.008044813846409343,-0.00804828305157889,-0.005226731708666699,0.3612735489753358,-0.024387338940365606,-0.00087374752032237,-0.0863126580508249
656546,1209,-0.00829008242080365,-0.008028714032957619,-0.008042366115630086,-0.00024771630517356587,0.3779568383932585,-0.019834593098265522,-0.0006531670335720027,-0.08707551934439992
700249,1415,-0.006625889761744369,-0.00802889754503892,-0.008032943463426763,0.0014070537016823933,0.32671379788504457,-0.012655811814744278,-0.00041924077253764196,-0.09632555974580338
593576,930,-0.008240511796623074,-0.007999924368616648,-0.008004285145828634,-0.00023622665079444134,0.3225140193206685,-0.01648281423204883,0.00031980053392977774,-0.09192756971110116
552640,973,-0.012406111568817909,-0.007970726532877833,-0.007976818054046268,-0.00442929351477164,0.3482493108923798,-0.019944726294644617,0.0006093041738176091,-0.09332424466822409
471911,1348,-0.014050631117970265,-0.007961410374531972,-0.007966097953737851,-0.006084533164232414,0.3585338776197675,-0.023563689665867096,-0.00023137789660864253,-0.09768025645446013
573186,1521,-0.014013609325988332,-0.00795683822779007,-0.007961627257589692,-0.00605198206839864,0.343674534245032,-0.02311349202516808,-0.00025337298602143266,-0.09270541985559944
641302,1479,-0.005971065469137557,-0.007943203352272592,-0.007950130700650607,0.001979065231513049,0.31248102696540986,-0.010341306315871717,-0.0002611765890926211,-0.09363572300585142
808967,1872,-0.01669977925388849,-0.007931559793803205,-0.00793351607117195,-0.00876626318271654,0.3372107777244521,-0.024158814080242764,-0.00026499540174250945,-0.0955015561169314
572020,1072,-0.011066400080703089,-0.007918789372593098,-0.007923828313323736,-0.0031425717673793548,0.32778603365224923,-0.018597576791562837,-0.00041891757255113464,-0.09191581657537619
544150,1125,-0.009422353558274865,-0.007903900463046431,-0.007910690375545173,-0.001511663182729693,0.35443992616228664,-0.017754260743720173,-0.0007823484161278818,-0.08620162193777126
625643,1192,-0.01642719449828156,-0.00790391222793332,-0.007905781255758795,-0.008521413242522768,0.32039813274175877,-0.025268118913282362,-0.00029496989211929214,-0.0932146680486516
677944,1689,-0.010923308362079083,-0.007896437984999363,-0.007900332560526501,-0.0030229758015525815,0.3095054917276775,-0.013993303716625346,-0.00028019903292839224,-0.11187336541268418
670102,1366,-0.007279916860754194,-0.007881506187888685,-0.007885543430665783,0.0006056265699115886,0.3146728316254767,-0.013273788916005724,-0.00035883495319090743,-0.09591541927870498
458681,1513,-0.009715131653355687,-0.007878043937550165,-0.007882449166936378,-0.0018326824864193095,0.3203898859262895,-0.015106615003302131,-0.0006625933817548715,-0.09525386022474101
606160,1008,-0.010775920475077421,-0.007872351056214632,-0.007876887646384853,-0.0028990328286925683,0.3363912479424971,-0.020801456552600166,-0.0016136926495367327,-0.08268009757118276
666214,1651,-0.011480948796511865,-0.007819812204582962,-0.007825682919245508,-0.0036552658772663576,0.3414369832839982,-0.02039015779938411,-0.000434987383838942,-0.09352393961608364
642701,1039,-0.01085927068676961,-0.0077998788514711155,-0.00779886802225083,-0.003060402664518781,0.3468130125036416,-0.0185369489166619,-0.0002931175749663625,-0.09469719683748912
676684,1186,-0.016779735680526153,-0.007777096783553481,-0.007780500412476495,-0.008999235268049658,0.33657813613407467,-0.02181322713570506,-0.0003073981866201179,-0.09401249787901056
682847,1854,-0.013488251610382047,-0.007747977118033059,-0.0077560700195707785,-0.005732181590811269,0.33993049914623386,-0.01876376399090154,-0.000712198607431401,-0.10340124214405472
594902,1626,-0.010392417584927831,-0.0077506050858278455,-0.007752102413295324,-0.0026403151716325084,0.3199277168765559,-0.014212861991714261,-5.478489546307628e-05,-0.10541844670395695
683769,1095,-0.007059255561790065,-0.007736363630583925,-0.007748827077098758,0.0006895715153086931,0.34796165995642625,-0.014076240663490551,-0.0004613690168487712,-0.09236748739797614
663574,825,-0.011242429955866167,-0.007723449096508068,-0.0077280454982449,-0.0035143844576212666,0.303326171304542,-0.016837955809243996,6.437596604742197e-05,-0.09437312883236833
656629,891,-0.007446512963485966,-0.007705624171303678,-0.007714928235628616,0.00026841527214264857,0.31081787937243416,-0.018158963084750835,-0.0008880846773193443,-0.08049411611622545
642232,1457,-0.013281719352955643,-0.007693102408589825,-0.007696210657551819,-0.005585508695403823,0.3262149676769796,-0.017342952055230964,-0.00013511410517960375,-0.09618015234063065
657376,1630,-0.010645585827689475,-0.007656733998680834,-0.007665675041187805,-0.0029799107865016695,0.33323188940662035,-0.01766345973855306,-8.155870882470166e-05,-0.09504832837702107
690986,1405,-0.012552888705469438,-0.007631660983712918,-0.007635527755356281,-0.004917360950113157,0.3202628619052517,-0.016842552247834125,-0.0002802343263061636,-0.0963662905763365
641941,1052,-0.0065072861917142635,-0.007622301018853969,-0.007632208129712559,0.0011249219379982954,0.30195314408858265,-0.011425999156664547,-0.00017332188252388347,-0.09455955631824477
547179,2410,-0.012383054827256516,-0.00760449151879292,-0.007606987990701054,-0.004776066836555463,0.335027940209755,-0.01836568430886559,-0.00037207879977461456,-0.098921095826296
608032,1129,-0.00717045409364951,-0.0075925183559817705,-0.007597390927292408,0.00042693683364289836,0.2970571963295081,-0.011737705039498152,-0.00025966922559118454,-0.10324161792127802
605288,1743,-0.014251388808683839,-0.007582678989463031,-0.007589344330564727,-0.006662044478119111,0.33184726049734875,-0.018734753850335652,-4.7168277526879014e-05,-0.10688645479361984
672282,1665,-0.010524266524728742,-0.007584911969563768,-0.007587942415686246,-0.0029363241090424952,0.28398802840941795,-0.01764262295072564,-0.0003719824663937857,-0.09438910056581758
656756,1403,-0.010702704007396691,-0.007562480338162399,-0.0075695707862636985,-0.003133133221132993,0.3329091135814107,-0.019673898013589097,-0.0003336830630221879,-0.08791316604796172
669276,994,-0.010748763868505422,-0.0075577521089532996,-0.0075644053221778276,-0.003184358546327595,0.3372563927760294,-0.01861205001324493,9.318026988008201e-05,-0.09559829090755272
661395,1156,-0.0175038558968498,-0.0075110907416586275,-0.007511420861816059,-0.009992435035033744,0.3246847442587559,-0.02472674900079416,0.0005289570766017314,-0.0966857366887905
640448,1144,-0.013140524739788944,-0.007489367488198268,-0.007494740456927707,-0.005645784282861238,0.31513235843653165,-0.01726294096887885,-0.00017512336478939664,-0.1051218616494514
665795,1912,-0.012150417132719695,-0.007491136264980282,-0.007494307262290218,-0.004656109870429479,0.3394928002491088,-0.021770339525768307,-0.0004093982563153261,-0.09068689649552614
667755,2053,-0.014241271714243463,-0.007486595215060246,-0.007492343804384168,-0.006748927909859295,0.3664113998943893,-0.02263761484362146,-0.0004371642513965827,-0.09824998361287697
656730,800,-0.011201905099679402,-0.007449402665054685,-0.007463370499189972,-0.0037385346004894294,0.33542654676939293,-0.019098742569430584,-0.0005332842502775104,-0.09008121164199905
663372,1408,-0.011370486959402654,-0.007409449612964386,-0.007413359290160539,-0.003957127669242114,0.3286453325053766,-0.015911773576966656,-0.00023606084092746914,-0.10172735698123249
596295,1929,-0.009736857025721433,-0.007396200952550249,-0.007399977814472456,-0.0023368792112489784,0.3307548425868634,-0.013314939095608918,-0.00022953456785295326,-0.10640400473017403
641482,1546,-0.005468167557381656,-0.007383445149567582,-0.007386740539703726,0.001918572982322071,0.3014329448187123,-0.010414740294204026,-0.00028028860853340185,-0.09659870637510987
571510,1663,-0.014961172139320631,-0.007382110957172499,-0.007386326775986952,-0.007574845363333679,0.31629439165199097,-0.018425637452611894,0.00015305713275693038,-0.10138989379364174
683155,1239,-0.006708432818933003,-0.007358244874510791,-0.007365448839351991,0.0006570160204189882,0.2773005198394797,-0.00971623110958694,0.0003754403975955123,-0.1011839644669967
664854,961,-0.011276260669511567,-0.007279610912854606,-0.0072811813790827195,-0.003995079290428847,0.3389109686733258,-0.02032990698238323,-4.730111152033402e-05,-0.09137740151750068
669093,1095,-0.00822358051790523,-0.0072619967401962035,-0.007268619932872941,-0.0009549605850322885,0.34239145407766314,-0.0172600910691528,-0.0007318788816410732,-0.08224779030037828
571945,3027,-0.010166821871364088,-0.007260111384852369,-0.007265989538856526,-0.0029008323325075613,0.31792794847735,-0.013686354233460681,-0.00014756336559677366,-0.10821106841883534
628317,1416,-0.012686228368094644,-0.007246646546261434,-0.00724926442239677,-0.0054369639456978746,0.3441277120054681,-0.021690417788542565,-0.00022832501551260854,-0.09224809034855125
592351,1326,-0.014204232842406808,-0.007224990943867519,-0.007231129441368001,-0.006973103401038808,0.313658526440145,-0.020986077900621597,-0.00010148767533707279,-0.10151322750381245
593423,1493,-0.012479280363171186,-0.0072119441362333316,-0.007215331063750191,-0.005263949299420995,0.3211679995880313,-0.020364401975456983,-0.0006974514480470346,-0.09508207774853317
663158,1251,-0.013805266328005175,-0.007204543813924324,-0.0072100923731203415,-0.006595173954884833,0.2913458902900343,-0.018671775538339548,-0.0005052248965179898,-0.09746656825109352
686993,543,-0.007961187277678547,-0.007171506010132877,-0.007176954076676523,-0.0007842332010020241,0.31450941348017136,-0.013795373718608396,-0.0002811730381402624,-0.0886578227189744
670950,762,-0.00763726586984869,-0.0071710738903330365,-0.007174329494124234,-0.0004629363757244567,0.31540874823210313,-0.021817589302511584,-0.00011038037731379038,-0.07699534830783575
669203,2346,-0.011263230421412276,-0.007121747071008574,-0.007125758402799,-0.0041374720186132755,0.33765069938068637,-0.020525998000362436,-0.00018445486487202555,-0.09318640860790418
527048,1594,-0.010889055204590548,-0.0071137925207908495,-0.00711393047084061,-0.003775124733749937,0.31335787376087476,-0.016471212615256057,3.999068282551755e-06,-0.0979542013440719
543037,1392,-0.007942695447338536,-0.007108346167330503,-0.00711268807902209,-0.0008300073683164463,0.3021764322618513,-0.015644754203323327,-5.775627921055761e-05,-0.08938402692019576
681911,1152,-0.003198878584406052,-0.007101440941832853,-0.007105608534591278,0.003906729950185227,0.2684312937092629,-0.010602353214720885,-0.00035346389771736663,-0.08566216363470962
680570,1442,-0.012495227492246594,-0.007070789369323753,-0.007071728831179588,-0.005423498661067005,0.32700195919083086,-0.019943216793313494,-0.00028003077573253226,-0.09465248922381335
643338,848,-0.005310163032718615,-0.00701284072676927,-0.007020247870231183,0.001710084837512568,0.3046048856474585,-0.012009362965540038,-0.00021075337171907319,-0.09039791098979823
669854,1557,-0.00775658292096679,-0.006989919970532269,-0.0069940379391533105,-0.00076254498181348,0.34836321659380687,-0.017330282495188233,-0.0003525439506718825,-0.0867214540541295
621107,2124,-0.010459375731808771,-0.006980535020434353,-0.006983824262565296,-0.0034755514692434734,0.3151764117337393,-0.015343769215749687,-0.00017868330949922075,-0.09881337529815455
661563,1512,-0.006284462137929976,-0.006968797710433667,-0.006975719531884294,0.0006912573939543179,0.3395192916361863,-0.012687398836554373,-0.0008447065505848315,-0.09312085078489768
676962,1124,-0.007807358670570485,-0.006943268225390829,-0.006944872043523784,-0.0008624866270467004,0.28997145292256815,-0.018356718501934016,3.364219351578716e-05,-0.09189283872838992
592866,1518,-0.013891412825724586,-0.0069283827844405154,-0.006934837132591714,-0.006956575693132874,0.30509494452420666,-0.0204611879074308,-0.00022472546837158165,-0.09749986894816542
686218,869,-0.007152897659079812,-0.006912438645300196,-0.006917244706404209,-0.00023565295267560413,0.3155568533179245,-0.01755485965884926,0.00011514055470575438,-0.07536665749577215
680573,1918,-0.009401382869046637,-0.006912488740599276,-0.006914699364897436,-0.0024866835041492,0.30868140292567187,-0.01731523343857053,-0.0001979275937747148,-0.09480606354497527
694297,3112,-0.011707340633087334,-0.006886408826271777,-0.006893394687392958,-0.004813945945694377,0.3412344020512724,-0.01713530565625194,-0.0003148607687752926,-0.10147117105591638
683232,952,-0.010377692571710858,-0.006882364831881953,-0.006888134052049811,-0.0034895585196610475,0.31285985830365887,-0.018490949978745227,-0.0005275550690367475,-0.08626267510019033
673540,1406,-0.012024315761852372,-0.006837098497693877,-0.00684035092720762,-0.005183964834644752,0.3206140477113581,-0.022150821577235514,-0.00028896281354199015,-0.0951493078840598
681857,1727,-0.014516254341375174,-0.006831191918307591,-0.006836290592016929,-0.007679963749358246,0.3544413016176579,-0.02699278919168668,-0.0003112908868690615,-0.08589748024223781
607536,2359,-0.010820754178346782,-0.006832619495955187,-0.006836185119789773,-0.003984569058557009,0.32345758104630273,-0.015244631012951563,-0.00024474885429224516,-0.10689551031463762
676395,1166,-0.013379560478402322,-0.006822058917759487,-0.006824881440240574,-0.006554679038161748,0.327008134116407,-0.017837351137958885,-0.00014168463177316066,-0.09498430591547752
668964,1411,-0.005908919813348251,-0.006801723338744471,-0.006805897588128642,0.0008969777747803911,0.29730566883196435,-0.010801642819365324,-0.0005732227191169531,-0.0975847546357926
547973,1132,-0.014080872814506366,-0.006797466337728431,-0.006805847282962389,-0.0072750255315439764,0.30237505813955073,-0.021042434520028772,0.0002568439652054562,-0.0866774558955264
453286,1481,-0.011252689524981447,-0.006801019784983555,-0.006803638985431307,-0.004449050539550142,0.3289907079282474,-0.01628634576354804,-0.0002022049122115437,-0.09609480414953565
680885,1707,-0.014886308401841521,-0.006791889355005925,-0.006796501552462567,-0.008089806849378952,0.32943202363118246,-0.02067408236415822,-0.00022644172074722503,-0.09756279144038356
607625,2867,-0.010613468786099485,-0.006775632574641663,-0.0067820099040962496,-0.0038314588820032355,0.31766687765946666,-0.017038474840596323,-0.0001701124527408151,-0.10110528324554525
608331,2885,-0.01181315236051791,-0.0067799516806521165,-0.006781264528435274,-0.005031887832082635,0.3289546890781481,-0.01893435670774709,-0.0005951859096534539,-0.09387570734999542
660853,1281,-0.013627314490441855,-0.006777775280617114,-0.006780721358440989,-0.006846593132000868,0.33102418017053387,-0.01880186496526951,-0.0001491007484547889,-0.09749976759749648
669461,1907,-0.00914647034706102,-0.006766372141781998,-0.006768730575019523,-0.002377739772041497,0.292382730129258,-0.016857157026046357,-0.00025483330984147034,-0.09714747931035433
643377,1239,-0.011885582919664238,-0.0067465302086096145,-0.006758145752758047,-0.00512743716690619,0.32179422140414676,-0.020300856974363693,-8.484506588591504e-05,-0.08539620499716943
669358,1831,-0.008899661098607799,-0.006743794524602062,-0.006747257139994499,-0.0021524039586133005,0.29057497739177535,-0.015301008180506679,-0.0008266542620398962,-0.09216150783232278
661403,1118,-0.014978834502215321,-0.006686529943080679,-0.0066931404796309315,-0.008285694022584389,0.3210872361966893,-0.02019187849640541,-0.00021307359270856787,-0.09583477808155863
641755,1197,-0.008904318629976444,-0.006690052784213898,-0.0066927049707121026,-0.0022116136592643413,0.32672516990789313,-0.019248689958363818,4.267333692970416e-05,-0.09058854540141063
623167,1962,-0.007836442005360822,-0.006684905639967959,-0.006692613440594932,-0.0011438285647658905,0.30809490756642,-0.016970671503305723,-0.0002101619990301692,-0.0894559943136751
542888,1284,-0.010600688473010588,-0.006648812348971064,-0.006658250567086586,-0.003942437905924002,0.2971880431074983,-0.013594633788281772,-0.0006729423642329573,-0.0986055185389091
656288,2213,-0.010312055579211556,-0.006644675001947478,-0.006648675272002621,-0.0036633803072089357,0.3109848047390195,-0.02027193635152147,-0.00044121288315274003,-0.09194003824501248
686563,1721,-0.008695433059278319,-0.006601936539502116,-0.006603881323319385,-0.002091551735958934,0.3075997048051814,-0.01277060485638895,-0.0004081128341990786,-0.09930221327877775
687765,1756,-0.010771079165174826,-0.006584982614440214,-0.006589570117277354,-0.004181509047897474,0.3323543763790864,-0.02011793415918747,-0.0002308346627701035,-0.09356002726872761
663436,1491,-0.010964685095631664,-0.006557730355134403,-0.006564395067363594,-0.00440029002826807,0.34154650696486294,-0.017110468463033324,-0.00043794544899705576,-0.0941621433671712
663554,1942,-0.010151429081816099,-0.006555430244189847,-0.0065581272713718325,-0.003593301810444267,0.3458711803057783,-0.01507702177637154,-0.0002957852034026085,-0.09876928881625636
543135,2364,-0.012885649960698025,-0.006511778316835779,-0.006513771577340908,-0.006371878383357117,0.2913268218850529,-0.0198366910373451,-0.0003890772429219771,-0.09717234624173984
502043,1755,-0.00948046438588908,-0.0065068327995447045,-0.006507950972077635,-0.0029725134138114456,0.36148759207405196,-0.020885208264592833,-0.0003599019368705246,-0.0874430713022426
650644,2378,-0.004529937396413888,-0.0064521127435971295,-0.006455177201480327,0.0019252398050664378,0.2996384651982317,-0.012720730324832896,-0.00044987819975730517,-0.08612697943085913
592836,1957,-0.006338687902908874,-0.006444027432616713,-0.006444903434588762,0.00010621553167988785,0.3102330847184364,-0.013213159044966484,-0.0004046376551376862,-0.09746216921720818
656550,1395,-0.01240836907081697,-0.00639131805920686,-0.006401797920758189,-0.006006571150058781,0.33874016173413324,-0.02229002494820596,-0.0003015091035893808,-0.0911827175477244
605488,1501,-0.007843332588161629,-0.00639254816092809,-0.006395974157415568,-0.0014473584307460596,0.2970925188739398,-0.015950385261629445,-0.000318916776139418,-0.08818645514707764
615698,2160,-0.010026054299924798,-0.006362492383493358,-0.006366224483941315,-0.003659829815983484,0.31745047057759745,-0.018956256701088064,-0.0006583491897431947,-0.09498855519915003
489446,1040,-0.013743258043846417,-0.006294630356097686,-0.0062960108943358505,-0.007447247149510568,0.2957648071232553,-0.023204390463831076,-0.0007094189484438956,-0.08357373999949416
668933,1482,-0.013996351652959742,-0.006284532415903743,-0.006290176128257712,-0.00770617552470203,0.33080081091391617,-0.020961801111267244,0.0005871897610310983,-0.09332642903400608
669467,2208,-0.014528130166482977,-0.006252709450371975,-0.006257037855827454,-0.008271092310655523,0.3095995975909619,-0.02338739197371309,-0.0003929809690991004,-0.09999938024858343
663978,1937,-0.009784238247561437,-0.0062440937532794085,-0.006248210914443058,-0.00353602733311838,0.3212605025475802,-0.016712606465253757,-0.0007851809134231304,-0.08891723798670849
664285,2849,-0.012503940718947408,-0.006241928223784752,-0.006246015495554248,-0.00625792522339316,0.3226070817478626,-0.021600851665005895,-1.632421086539663e-05,-0.09692954478216166
656464,927,-0.008700226458483928,-0.006244019700251847,-0.006244179897551633,-0.002456046560932295,0.3111853774772107,-0.023400496176551797,-0.0001330303964341667,-0.08245702856527373
657006,1737,-0.015541762303087465,-0.006226546201872914,-0.006230669565562818,-0.009311092737524647,0.2752136622694295,-0.02090537645843792,-0.00017823627832018707,-0.1033470421098735
650633,2029,-0.01158063671747403,-0.006214094987352098,-0.006219936092391636,-0.005360700625082394,0.3327586912353166,-0.019789726360388695,-0.00039971494112331975,-0.08753391647797372
607067,2636,-0.013464191080717938,-0.006212686317450525,-0.0062172487876711695,-0.0072469422930467675,0.29568472746578606,-0.01836746688526577,-0.00021831652885217326,-0.10105974076668676
680730,2462,-0.007382316637174874,-0.0062108662471008205,-0.006214566816030333,-0.0011677498211445422,0.2870612551236108,-0.014006500060848387,-9.472997866071744e-05,-0.09466013593363763
695243,1025,-0.010932459701182305,-0.006192843698232249,-0.006197928434877047,-0.0047345312663052575,0.3394402794906174,-0.02339185064347262,-0.000498450114909348,-0.07465447231537527
694973,2415,-0.014140077819691106,-0.006172635262135776,-0.006175509249058102,-0.007964568570633003,0.3198533946726509,-0.020852464696667027,-0.00023553988867283375,-0.09184834212652317
671106,2197,-0.009126970081889388,-0.006164401470453788,-0.0061678572095215855,-0.0029591128723678037,0.30040855139093914,-0.016607918277009373,-0.00025982633783969817,-0.09548260095399573
594798,1342,-0.01084787128734577,-0.006159859447698231,-0.00616591990112093,-0.00468195138622484,0.28269008664068673,-0.02016309610584579,-0.0005621821012838053,-0.08792973440341892
671096,2794,-0.009856484745851976,-0.006152326667066944,-0.006156834459395318,-0.0036996502864566597,0.29857680372407963,-0.01629821847892233,-0.0005022656565842666,-0.09108867091158375
645261,1884,-0.015008547543710853,-0.006128868672498091,-0.006132070095257027,-0.008876477448453825,0.3211035579466768,-0.021176895306001222,-0.0001470310339759663,-0.09702555409244326
693821,1910,-0.011956661803412549,-0.0061147049276764915,-0.0061178781513723515,-0.0058387836520401954,0.32552116792638686,-0.022497350802358866,-0.0004658224115808939,-0.09000465471787852
450203,2743,-0.012652827258143108,-0.006107595638272892,-0.006111631435021186,-0.006541195823121924,0.31401332254472386,-0.021978657779357633,-0.00016656488389762514,-0.09233213511388481
671922,1104,-0.011883770539214486,-0.006039357108487053,-0.006043590114779964,-0.005840180424434521,0.2774545847566739,-0.017919621194439368,-0.00020277244861796977,-0.08427283499900444
596133,1527,-0.005065983358032424,-0.006034014178233485,-0.006036625820407594,0.0009706424623751713,0.2786446008006837,-0.013382342209447966,-0.0008373432822343437,-0.08512267814338685
666142,2446,-0.010407294633030945,-0.006026190794328076,-0.0060314143395960714,-0.004375880293434875,0.30428154262491014,-0.018245433160903983,-0.0001910419966578278,-0.08926512689303631
641154,2588,-0.015055022339257847,-0.006025912684881754,-0.006029600825590019,-0.009025421513667828,0.2944444401853752,-0.021709710248145487,-0.00013426677232804558,-0.0926069224680611
670280,1208,-0.005728726370226052,-0.0060174394861200855,-0.006023742419045908,0.0002950160488198557,0.2900752778669812,-0.012938146864062422,-0.00022274044007646594,-0.0874543772922481
682243,2596,-0.008089830915980808,-0.006013221231728091,-0.006018366734688268,-0.00207146418129254,0.30674314303423433,-0.013334193204305156,-0.0002722303374704441,-0.09743725763655078
607200,2184,-0.012197779946189431,-0.0059468921040407045,-0.005949758457070797,-0.006248021489118633,0.3052835923159751,-0.017209798987842327,-0.0004798687864704915,-0.1008850001985814
669432,1774,-0.00945575218594785,-0.005938320834759462,-0.005946948400540774,-0.003508803785407078,0.31556377383636297,-0.015308436444659176,-0.0005242405578721847,-0.0939545850243336
608337,1630,-0.005714608932457365,-0.0059393149748786555,-0.005942657158269927,0.00022804822581256123,0.30417440469718215,-0.014077748139372218,-0.0005239957868931151,-0.09142264607211373
668909,2334,-0.010671292779589793,-0.0059378760765787415,-0.005941333341495698,-0.004729959438094095,0.2952237423597595,-0.019284288536251665,-0.0004977483266745253,-0.09154459657542992
519242,2408,-0.013810119281080724,-0.005905081075888486,-0.005911012788168132,-0.007899106492912592,0.2945037752595044,-0.019276370947107966,0.00016123283293275744,-0.09230416760352014
669302,3036,-0.010134349938138058,-0.005893421635526373,-0.0058963404139357875,-0.00423800952420227,0.32966901615744654,-0.018497184237957976,-0.00027165659213952736,-0.0969810267521875
656945,1276,-0.014955299583043294,-0.0058793523699032756,-0.005884849103620695,-0.0090704504794226,0.2905757097638616,-0.023177009013563492,-0.0005103182893430706,-0.09046709939955339
665152,2763,-0.010110094559145076,-0.005849248184564515,-0.005853819153384169,-0.004256275405760908,0.2974690799306716,-0.017891156770029493,-0.0004149483337727917,-0.09170182585349568
592791,2649,-0.008151965964572017,-0.005830923894342617,-0.005836048770038613,-0.0023159171945334035,0.2806818236418046,-0.0135378728719499,-0.00018806756473717812,-0.10040737832011455
656876,1248,-0.011084875764609705,-0.0057598115895952685,-0.00576508768926397,-0.005319788075345734,0.3005121397086766,-0.01856654839453987,-0.00011959497221442773,-0.0887961391275975
671737,2395,-0.008311045585316519,-0.005752649926272211,-0.005754924862449668,-0.0025561207228668513,0.27941203732998104,-0.018514284677484248,-0.0005590621856646693,-0.08864437780137577
624133,2489,-0.009855555279344022,-0.005737236563098611,-0.005740101820395447,-0.004115453458948574,0.2956125412915376,-0.015664426826732736,6.725191373355495e-05,-0.09428561645124073
642547,3231,-0.011217718558123159,-0.005732402267380218,-0.005740055896771909,-0.005477662661351249,0.3116050377751411,-0.021057084111731524,-0.0006608411439080412,-0.08338524975917634
579328,3234,-0.013387939876113449,-0.00568116028860943,-0.005684982149172622,-0.007702957726940826,0.27684085462095936,-0.02067677165312467,9.140183617234359e-05,-0.09794882583378661
543243,2853,-0.010988662164532462,-0.0056691892938631,-0.005672604242918406,-0.005316057921614054,0.28606629803209677,-0.01857949714314636,-0.00035381551742509376,-0.09624112419728677
605400,2681,-0.00921265553018056,-0.005635519751644178,-0.005638920589098972,-0.0035737349410815866,0.29953960947874375,-0.018888302850006245,-0.00022477125323042433,-0.08344129822088062
642207,897,-0.009570373897706944,-0.005627456468250342,-0.005632784898450767,-0.0039375889992561775,0.2894951182063382,-0.02279091639578932,-0.0003251983169661954,-0.06895391076915068
607192,1920,-0.009749806267760081,-0.005606345262740539,-0.005610725028613836,-0.004139081239146244,0.2848744856253925,-0.0185006979996769,-0.000394747914601773,-0.09597274150826987
518876,2343,-0.010877628081462852,-0.005564213153483579,-0.005567474373315482,-0.005310153708147371,0.2925362052082858,-0.019808230503169943,-0.0003682910714728448,-0.0875093731894405
663623,3148,-0.00791918896663829,-0.0055625886390611575,-0.005566918583266414,-0.002352270383371878,0.2833519215310725,-0.013527034808264313,1.6977681586094822e-05,-0.09646687381823517
621244,2889,-0.011592472546673617,-0.005561686043527551,-0.005565028901004995,-0.006027443645668622,0.30056185627541804,-0.01964324275649152,-0.00016733164319413256,-0.09255464187192029
592662,1695,-0.005910402866917591,-0.005532645266063119,-0.005534963534116644,-0.00037543933280094786,0.2909052179485391,-0.0155060900179975,-0.0007821016871728751,-0.07947481043125033
686613,2840,-0.010179651125571995,-0.005508539575871434,-0.00551234573959652,-0.004667305385975474,0.29489581159623013,-0.019748232118940678,-0.00039039434564160157,-0.08155179920113237
675911,1599,-0.01356646240165897,-0.005476308996834434,-0.005480544287496255,-0.008085918114162717,0.3141843109487109,-0.025276254332037798,-0.0006196033900184069,-0.08337715350422273
605483,1721,-0.011585754858963819,-0.005460112131724007,-0.00546581143832694,-0.006119943420636879,0.31765678172709494,-0.024632722478255556,-0.0004808161883776983,-0.073012038640036
676440,3097,-0.007727112845355975,-0.005448284036472479,-0.005450671064536589,-0.002276441780819384,0.28869053252749344,-0.014434532791867283,-0.0004320604165093819,-0.09459205910103506
669022,3082,-0.010681279823233822,-0.005351849479459186,-0.0053548505718576805,-0.00532642925137614,0.28634128266461256,-0.019972841916539197,-0.0005141133594358686,-0.08560044561066546
608379,2752,-0.009590424980632216,-0.005318067562469876,-0.005321419072842587,-0.004269005907789629,0.28606323885813845,-0.0159686088962695,-0.0007524022092882914,-0.09927385393287061
657277,3326,-0.013847475431350372,-0.005308917246560732,-0.005312978677115886,-0.008534496754234485,0.3057733906810339,-0.02306495726264827,-0.00016575034523556647,-0.08783209282258134
669194,2676,-0.011844529987871506,-0.005269887392092285,-0.005272060553500866,-0.006572469434370641,0.2762173593599684,-0.017062418352498995,-0.0005528823690738622,-0.09488679982409466
676664,2888,-0.008675803767678215,-0.00526188841633664,-0.005267005780786626,-0.003408797986891588,0.26775561277874077,-0.013143957381561237,-0.0005943232211616569,-0.0981648624281879
623352,1193,-0.0049906303901224415,-0.005215745096762765,-0.005221278003839388,0.0002306476137169464,0.2865354206619301,-0.015508453008684846,-0.0002508800536219944,-0.07707091528169624
593958,2076,-0.010898019224823365,-0.005204991732886698,-0.005209561977433988,-0.005688457247389377,0.2814930602695146,-0.016154910082799304,-0.0004194714881218546,-0.09298161555322415
676979,2665,-0.009814096547271363,-0.0052016762986516855,-0.005204643000159253,-0.004609453547112111,0.27157573611736724,-0.01516129265283031,-0.0002614412777031083,-0.09252735291579284
434378,2637,-0.004464838922178586,-0.005178142026112941,-0.00517990680873224,0.0007150678865536543,0.279369240243848,-0.012183958244356197,-8.026543944351487e-05,-0.089463368646297
678394,2861,-0.01381734769534333,-0.00515612627799646,-0.005161599805395179,-0.00865574788994815,0.28527523990728004,-0.02222130620644176,-0.00012114825305397736,-0.09399889954710978
601713,2875,-0.0035110287232676647,-0.0051433127749352546,-0.005146409970955487,0.0016353812476878218,0.27037416313149504,-0.012634611894903463,-0.00028606192328934835,-0.08284405183634383
666157,1971,-0.010770014661535862,-0.005106127110737787,-0.005109578473391809,-0.005660436188144052,0.283613059489644,-0.017389833720672244,-0.0002565761816077636,-0.09078006254383662
676710,1884,-0.005268765731667581,-0.00510777972902549,-0.005109497796899005,-0.00015926793476857623,0.2612058346434105,-0.013944412177705135,-0.0002230949240318033,-0.08192128328737273
657746,2804,-0.007676946320787401,-0.005086404625566191,-0.0050896690774347485,-0.0025872772433526525,0.2601809011750397,-0.011813117743457724,3.053241168136339e-05,-0.09791733344670234
656605,3105,-0.012720176415894536,-0.005075765873332069,-0.005080249412843037,-0.007639927003051498,0.27223948410971943,-0.020398936775287393,-0.00014769949118106118,-0.09302613155628507
607259,2410,-0.006666818430152751,-0.005075813954872977,-0.005077494906554643,-0.0015893235235981077,0.27793180448484933,-0.012500950549714455,-0.00027671219156703126,-0.09403954294695638
668881,2349,-0.009796903629821356,-0.00501907768632639,-0.005027991617759682,-0.004768912012061674,0.29480878838806973,-0.017965989865300812,-0.0008250682549235611,-0.08795462536705485
666200,2307,-0.009821334232543043,-0.005011130355382594,-0.005015521691945215,-0.004805812540597828,0.29966134169204234,-0.018637664160778365,-0.0002893900830187222,-0.08898845674404009
663559,2072,-0.005431790550962445,-0.005004021195589759,-0.005006735676138989,-0.0004250548748234559,0.24340934431857902,-0.010942844756508563,-0.00033370591133395335,-0.09677066903203187
663903,2838,-0.012120662043401615,-0.004961504740294805,-0.004964568647265042,-0.007156093396136573,0.26374522956191115,-0.021965233755979714,-9.66090925320366e-05,-0.09371924748501956
622663,2955,-0.01108479882348467,-0.004952227317922491,-0.0049574599196826165,-0.006127338903802053,0.27603661309898436,-0.017875996780147944,-0.00030202989657274784,-0.09052375318335583
693433,2558,-0.012407503063274206,-0.004842420634999712,-0.004847894558554195,-0.00755960850472001,0.2546892283599729,-0.017437185707598155,-0.00013238935995771138,-0.09708039088771322
656849,2449,-0.010947037379541948,-0.004835099755741963,-0.004838481621292168,-0.00610855575824978,0.2952219800158564,-0.019384987193730184,-0.00028775835471925705,-0.08542150635496296
668678,2893,-0.00989968083829096,-0.004814940678484366,-0.004818890189422968,-0.005080790648867993,0.27873467273672964,-0.022284050557030373,-0.000387631379541392,-0.08197863649983092
571760,2645,-0.010358897217270286,-0.004803174427397364,-0.0048081644049413,-0.005550732812328985,0.26445081208164617,-0.0185227205346199,-0.00045854508704242316,-0.0893197854554857
500779,2473,-0.006006872003785739,-0.004789177354587778,-0.004790929560617847,-0.001215942443167892,0.2705918825823654,-0.01782222915069776,-6.779014589651309e-05,-0.07917214757562889
656427,2746,-0.011983868899461809,-0.004738429138450334,-0.004742282701819051,-0.007241586197642758,0.30535350436680087,-0.022946471963667045,-9.740812358551369e-05,-0.08582497573773848
686752,2515,-0.006467842406863594,-0.004736207812556064,-0.00473948553985471,-0.0017283568670088839,0.2645606532495272,-0.012694274910703839,3.262312644245125e-05,-0.08899259010844557
669923,3001,-0.010961082754490488,-0.004623574776555043,-0.004628778005961521,-0.006332304748528969,0.2723100362275848,-0.01770934502792532,-0.0005907998961048761,-0.08820940515756266
641793,3013,-0.005097795062040224,-0.004520149170762923,-0.004522519854864215,-0.0005752752071760083,0.26080829791624405,-0.012618809543086607,-0.00017250353180637139,-0.09062364594613649
571578,2856,-0.007884155880945539,-0.004478613606025235,-0.0044808159698991315,-0.0034033399110464085,0.2782814110732104,-0.01692111991498129,-0.0003813640758829874,-0.0874519658992949
684007,2437,-0.0041356284483179285,-0.004475961584850757,-0.0044781218154787104,0.00034249336716078265,0.25145199607305685,-0.009710488873705719,-0.00018682916856461505,-0.09075690594352893
554430,3213,-0.009173143584797469,-0.004419700114556229,-0.004421929516947178,-0.00475121406785029,0.2760218790703299,-0.01660759823001768,-0.0005022104611268087,-0.08352593954002877
543294,2657,-0.0121183471358629,-0.0043984480569935844,-0.00440061921191827,-0.00771772792394463,0.2610129053081837,-0.018614028188333877,-0.00010915193754294875,-0.08935931574191919
650911,3169,-0.01399462963043938,-0.004326116802317422,-0.004330914913262417,-0.00966371471717696,0.29980198249310447,-0.02162829582882958,4.725735756534296e-05,-0.09497767570821436
542881,2843,-0.0035775672663292315,-0.004294847228035051,-0.004296891058897833,0.0007193237925686017,0.24934327045663837,-0.013286999750625491,-0.0002762385631946977,-0.08364987475945787
607074,3298,-0.005296063562971021,-0.004273907957949817,-0.00427770035032808,-0.0010183632126429406,0.27394215057013477,-0.016577982150703347,-0.00044990656370133824,-0.08142541371085404
656302,3372,-0.006016577098756021,-0.0037314018623236704,-0.0037341389588098303,-0.0022824381399461904,0.28062508469643105,-0.018724459891770885,-0.0004439084151871959,-0.0773298291087269
669373,3338,-0.011011069364430241,-0.0037156316963206,-0.0037200674871266065,-0.007291001877303634,0.28053114812290547,-0.017163282811034002,-0.00020702415005578417,-0.09152249243448105
592332,3338,-0.012752892009275481,-0.0037077898734674966,-0.0037107602543549685,-0.009042131754920513,0.2688141714493974,-0.021390915511595793,-0.00020003159643379535,-0.08921146374969857
641927,2970,-0.003803763185237492,-0.0037068652750693013,-0.0037089387168188306,-9.48244684186613e-05,0.24314430535895126,-0.01225650903462858,-0.0001367252596520417,-0.08503592722355804
622491,3493,-0.008430029685907602,-0.0035618577428546245,-0.003563931018323357,-0.004866098667584245,0.26407450809934496,-0.015855422573655607,-0.00022337374090858092,-0.08373093996201009
